Year,County,ICD Version,Total Admits (Consolidated),30-day Readmits (Consolidated),30-day Readmission Rate (Consolidated),PCPI,Population
2011,Alameda,ICD-9,75103.0,11377.0,15.1,50432.0,1530893
2011,Alpine,ICD-9,13.0,1.0,7.7,54040.0,1093
2011,Amador,ICD-9,2657.0,345.0,13.0,34847.0,37539
2011,Butte,ICD-9,20422.0,3198.0,15.7,33669.0,219983
2011,Calaveras,ICD-9,3253.0,392.0,12.1,37516.0,45159
2011,Colusa,ICD-9,1113.0,132.0,11.9,40313.0,21315
2011,Contra Costa,ICD-9,55458.0,7580.0,13.7,57227.0,1065361
2011,Del Norte,ICD-9,1455.0,206.0,14.2,28194.0,28447
2011,El Dorado,ICD-9,9890.0,1305.0,13.2,50362.0,180963
2011,Fresno,ICD-9,49558.0,6865.0,13.9,32669.0,939251
2011,Glenn,ICD-9,1745.0,209.0,12.0,34053.0,28131
2011,Humboldt,ICD-9,7053.0,686.0,9.7,35892.0,135257
2011,Imperial,ICD-9,9140.0,1194.0,13.1,31225.0,175731
2011,Inyo,ICD-9,794.0,57.0,7.2,43618.0,18385
2011,Kern,ICD-9,46535.0,6514.0,14.0,32141.0,848651
2011,Kings,ICD-9,7388.0,1011.0,13.7,29308.0,151779
2011,Lake,ICD-9,5843.0,893.0,15.3,31444.0,64257
2011,Lassen,ICD-9,1151.0,108.0,9.4,28218.0,34235
2011,Los Angeles,ICD-9,534319.0,83066.0,15.5,45439.0,-8573044
2011,Madera,ICD-9,7137.0,888.0,12.4,29341.0,151685
2011,Marin,ICD-9,12210.0,1414.0,11.6,89206.0,255380
2011,Mariposa,ICD-9,1160.0,144.0,12.4,36741.0,18199
2011,Mendocino,ICD-9,5360.0,653.0,12.2,37658.0,87335
2011,Merced,ICD-9,12482.0,1754.0,14.1,29817.0,259249
2011,Modoc,ICD-9,405.0,38.0,9.4,36359.0,9513
2011,Mono,ICD-9,245.0,17.0,6.9,41168.0,14424
2011,Monterey,ICD-9,18178.0,1973.0,10.9,41452.0,420379
2011,Napa,ICD-9,8444.0,1251.0,14.8,48198.0,137668
2011,Nevada,ICD-9,6098.0,782.0,12.8,47210.0,98716
2011,Orange,ICD-9,137953.0,18428.0,13.4,51265.0,3050199
2011,Placer,ICD-9,18464.0,2258.0,12.2,49609.0,356323
2011,Plumas,ICD-9,1098.0,151.0,13.8,39560.0,19720
2011,Riverside,ICD-9,110802.0,14936.0,13.5,32420.0,2233840
2011,Sacramento,ICD-9,76052.0,10610.0,14.0,39655.0,1433712
2011,San Benito,ICD-9,2806.0,375.0,13.4,36937.0,56094
2011,San Bernardino,ICD-9,105064.0,14941.0,14.2,30773.0,2060596
2011,San Diego,ICD-9,157874.0,21258.0,13.5,46113.0,3137236
2011,San Joaquin,ICD-9,35737.0,4914.0,13.8,32947.0,694265
2011,San Luis Obispo,ICD-9,14239.0,1603.0,11.3,42219.0,271056
2011,San Mateo,ICD-9,29726.0,3701.0,12.5,78684.0,728945
2011,Santa Barbara,ICD-9,18297.0,1963.0,10.7,47840.0,425404
2011,Santa Clara,ICD-9,68595.0,9076.0,13.2,65684.0,1811891
2011,Santa Cruz,ICD-9,11076.0,1222.0,11.0,49290.0,264927
2011,Shasta,ICD-9,15075.0,1739.0,11.5,34982.0,177613
2011,Sierra,ICD-9,182.0,26.0,14.3,33655.0,3100
2011,Siskiyou,ICD-9,2376.0,201.0,8.5,33248.0,44622
2011,Solano,ICD-9,20548.0,2850.0,13.9,38635.0,416325
2011,Sonoma,ICD-9,23404.0,2757.0,11.8,44462.0,487231
2011,Stanislaus,ICD-9,30837.0,4278.0,13.9,32860.0,517515
2011,Sutter,ICD-9,5851.0,720.0,12.3,35304.0,94466
2011,Tehama,ICD-9,3509.0,421.0,12.0,29964.0,63337
2011,Trinity,ICD-9,1038.0,154.0,14.8,27311.0,13685
2011,Tulare,ICD-9,23641.0,3258.0,13.8,31644.0,446709
2011,Tuolumne,ICD-9,4131.0,521.0,12.6,35841.0,54808
2011,Ventura,ICD-9,42145.0,5195.0,12.3,47868.0,829908
2011,Yolo,ICD-9,7620.0,904.0,11.9,42841.0,201931
2011,Yuba,ICD-9,4902.0,724.0,14.8,32320.0,72480
2012,Alameda,ICD-9,72083.0,10448.0,14.5,52296.0,1553729
2012,Alpine,ICD-9,10.0,0.0,0.0,56293.0,1111
2012,Amador,ICD-9,2775.0,411.0,14.8,35633.0,37105
2012,Butte,ICD-9,20895.0,3279.0,15.7,34536.0,220877
2012,Calaveras,ICD-9,3218.0,432.0,13.4,37399.0,44816
2012,Colusa,ICD-9,1125.0,179.0,15.9,36669.0,21274
2012,Contra Costa,ICD-9,55974.0,7733.0,13.8,61059.0,1077439
2012,Del Norte,ICD-9,1411.0,168.0,11.9,28596.0,28195
2012,El Dorado,ICD-9,9993.0,1350.0,13.5,52415.0,180613
2012,Fresno,ICD-9,48216.0,6769.0,14.0,33288.0,944779
2012,Glenn,ICD-9,1772.0,245.0,13.8,34953.0,27836
2012,Humboldt,ICD-9,7180.0,743.0,10.3,36182.0,134597
2012,Imperial,ICD-9,8957.0,1339.0,14.9,31428.0,176487
2012,Inyo,ICD-9,787.0,61.0,7.8,45319.0,18344
2012,Kern,ICD-9,43650.0,5926.0,13.6,33731.0,854392
2012,Kings,ICD-9,6903.0,911.0,13.2,28626.0,150884
2012,Lake,ICD-9,5559.0,800.0,14.4,32005.0,63966
2012,Lassen,ICD-9,1081.0,138.0,12.8,28086.0,33622
2012,Los Angeles,ICD-9,517164.0,79235.0,15.3,48075.0,-8515350
2012,Madera,ICD-9,6823.0,806.0,11.8,30904.0,151520
2012,Marin,ICD-9,11917.0,1354.0,11.4,94993.0,256087
2012,Mariposa,ICD-9,1097.0,111.0,10.1,37665.0,17912
2012,Mendocino,ICD-9,5333.0,648.0,12.2,37262.0,87293
2012,Merced,ICD-9,11481.0,1635.0,14.2,30248.0,260776
2012,Modoc,ICD-9,413.0,46.0,11.1,36311.0,9358
2012,Mono,ICD-9,248.0,23.0,9.3,40329.0,14328
2012,Monterey,ICD-9,17916.0,1916.0,10.7,42873.0,424222
2012,Napa,ICD-9,8202.0,1153.0,14.1,52821.0,138504
2012,Nevada,ICD-9,5879.0,717.0,12.2,48696.0,98165
2012,Orange,ICD-9,137256.0,18165.0,13.2,54321.0,3078710
2012,Placer,ICD-9,18788.0,2238.0,11.9,52292.0,360269
2012,Plumas,ICD-9,870.0,100.0,11.5,39094.0,19380
2012,Riverside,ICD-9,110558.0,14965.0,13.5,32828.0,2260763
2012,Sacramento,ICD-9,74683.0,10124.0,13.6,40623.0,1444819
2012,San Benito,ICD-9,2595.0,314.0,12.1,37878.0,56704
2012,San Bernardino,ICD-9,104267.0,14826.0,14.2,31261.0,2073088
2012,San Diego,ICD-9,154878.0,20519.0,13.2,47700.0,3175148
2012,San Joaquin,ICD-9,34783.0,4833.0,13.9,33631.0,699444
2012,San Luis Obispo,ICD-9,13129.0,1416.0,10.8,43666.0,274174
2012,San Mateo,ICD-9,29701.0,3652.0,12.3,86408.0,739700
2012,Santa Barbara,ICD-9,18375.0,1956.0,10.6,49987.0,429635
2012,Santa Clara,ICD-9,67166.0,8898.0,13.2,71690.0,1837605
2012,Santa Cruz,ICD-9,11000.0,1236.0,11.2,51725.0,266391
2012,Shasta,ICD-9,13926.0,1615.0,11.6,35512.0,177908
2012,Sierra,ICD-9,127.0,18.0,14.2,35047.0,3068
2012,Siskiyou,ICD-9,2351.0,189.0,8.0,33571.0,44091
2012,Solano,ICD-9,20450.0,2812.0,13.8,38975.0,419645
2012,Sonoma,ICD-9,22853.0,2637.0,11.5,46251.0,489784
2012,Stanislaus,ICD-9,30191.0,4083.0,13.5,33794.0,520336
2012,Sutter,ICD-9,6078.0,766.0,12.6,34985.0,94153
2012,Tehama,ICD-9,3494.0,458.0,13.1,31293.0,63213
2012,Trinity,ICD-9,945.0,124.0,13.1,26857.0,13494
2012,Tulare,ICD-9,22013.0,2974.0,13.5,31434.0,449625
2012,Tuolumne,ICD-9,4012.0,503.0,12.5,36606.0,54201
2012,Ventura,ICD-9,40670.0,4831.0,11.9,49592.0,833287
2012,Yolo,ICD-9,7462.0,945.0,12.7,43527.0,204558
2012,Yuba,ICD-9,4898.0,685.0,14.0,32564.0,72770
2013,Alameda,ICD-9,67673.0,9761.0,14.4,54131.0,1579508
2013,Alpine,ICD-9,9.0,0.0,0.0,54549.0,1131
2013,Amador,ICD-9,2616.0,357.0,13.6,36375.0,36624
2013,Butte,ICD-9,21019.0,3383.0,16.1,35368.0,221649
2013,Calaveras,ICD-9,3160.0,418.0,13.2,37734.0,44658
2013,Colusa,ICD-9,1054.0,128.0,12.1,39501.0,21239
2013,Contra Costa,ICD-9,54166.0,7369.0,13.6,60387.0,1093253
2013,Del Norte,ICD-9,1424.0,193.0,13.6,29550.0,27821
2013,El Dorado,ICD-9,9982.0,1288.0,12.9,53830.0,181529
2013,Fresno,ICD-9,48385.0,6770.0,14.0,34426.0,951143
2013,Glenn,ICD-9,1695.0,238.0,14.0,37911.0,27784
2013,Humboldt,ICD-9,7185.0,754.0,10.5,36739.0,134447
2013,Imperial,ICD-9,8325.0,1189.0,14.3,32627.0,176301
2013,Inyo,ICD-9,722.0,34.0,4.7,45780.0,18348
2013,Kern,ICD-9,41048.0,5473.0,13.3,34301.0,862727
2013,Kings,ICD-9,6558.0,922.0,14.1,29642.0,150237
2013,Lake,ICD-9,5456.0,802.0,14.7,32632.0,63811
2013,Lassen,ICD-9,988.0,91.0,9.2,28498.0,32128
2013,Los Angeles,ICD-9,495144.0,73527.0,14.8,47541.0,-8459555
2013,Madera,ICD-9,6855.0,874.0,12.7,32072.0,151295
2013,Marin,ICD-9,11477.0,1220.0,10.6,95473.0,258440
2013,Mariposa,ICD-9,1016.0,106.0,10.4,38320.0,17840
2013,Mendocino,ICD-9,5355.0,612.0,11.4,37882.0,87070
2013,Merced,ICD-9,11581.0,1614.0,13.9,31492.0,261887
2013,Modoc,ICD-9,365.0,41.0,11.2,37643.0,9154
2013,Mono,ICD-9,249.0,15.0,6.0,41157.0,14064
2013,Monterey,ICD-9,17588.0,2002.0,11.4,44355.0,426163
2013,Napa,ICD-9,7829.0,1068.0,13.6,54298.0,139522
2013,Nevada,ICD-9,5831.0,774.0,13.3,49191.0,97969
2013,Orange,ICD-9,133419.0,17189.0,12.9,53545.0,3105262
2013,Placer,ICD-9,18470.0,2139.0,11.6,52942.0,365415
2013,Plumas,ICD-9,828.0,92.0,11.1,40346.0,18901
2013,Riverside,ICD-9,110940.0,14914.0,13.4,33565.0,2286087
2013,Sacramento,ICD-9,77051.0,10602.0,13.8,41581.0,1457283
2013,San Benito,ICD-9,2616.0,335.0,12.8,39293.0,57320
2013,San Bernardino,ICD-9,104088.0,14890.0,14.3,31889.0,2082101
2013,San Diego,ICD-9,152109.0,19775.0,13.0,48645.0,3210788
2013,San Joaquin,ICD-9,34379.0,4705.0,13.7,34791.0,701831
2013,San Luis Obispo,ICD-9,12778.0,1335.0,10.4,44771.0,275713
2013,San Mateo,ICD-9,29190.0,3583.0,12.3,85557.0,749131
2013,Santa Barbara,ICD-9,18594.0,1995.0,10.7,49091.0,434503
2013,Santa Clara,ICD-9,67810.0,8985.0,13.3,71593.0,1866050
2013,Santa Cruz,ICD-9,10453.0,1058.0,10.1,52252.0,268836
2013,Shasta,ICD-9,13737.0,1449.0,10.5,35799.0,178447
2013,Sierra,ICD-9,94.0,9.0,9.6,35366.0,3031
2013,Siskiyou,ICD-9,2459.0,249.0,10.1,34302.0,43550
2013,Solano,ICD-9,20395.0,2736.0,13.4,40025.0,423634
2013,Sonoma,ICD-9,22136.0,2515.0,11.4,47527.0,493870
2013,Stanislaus,ICD-9,29926.0,4109.0,13.7,34382.0,523313
2013,Sutter,ICD-9,6109.0,802.0,13.1,36468.0,94457
2013,Tehama,ICD-9,3460.0,445.0,12.9,31594.0,62878
2013,Trinity,ICD-9,931.0,125.0,13.4,26688.0,13427
2013,Tulare,ICD-9,20826.0,2686.0,12.9,32017.0,452259
2013,Tuolumne,ICD-9,4050.0,530.0,13.1,36116.0,53975
2013,Ventura,ICD-9,38847.0,4814.0,12.4,49787.0,837729
2013,Yolo,ICD-9,7225.0,904.0,12.5,44581.0,206267
2013,Yuba,ICD-9,4804.0,683.0,14.2,33459.0,73082
2014,Alameda,ICD-9,65219.0,9398.0,14.4,57009.0,1607638
2014,Alpine,ICD-9,11.0,0.0,0.0,61368.0,1083
2014,Amador,ICD-9,2599.0,319.0,12.3,37936.0,36734
2014,Butte,ICD-9,21081.0,3558.0,16.9,36603.0,223525
2014,Calaveras,ICD-9,2901.0,387.0,13.3,39733.0,44677
2014,Colusa,ICD-9,1039.0,144.0,13.9,34844.0,21156
2014,Contra Costa,ICD-9,52940.0,7257.0,13.7,62381.0,1108665
2014,Del Norte,ICD-9,1352.0,162.0,12.0,31479.0,27182
2014,El Dorado,ICD-9,9331.0,1102.0,11.8,56210.0,183157
2014,Fresno,ICD-9,46943.0,6283.0,13.4,36385.0,960072
2014,Glenn,ICD-9,1898.0,272.0,14.3,36446.0,27802
2014,Humboldt,ICD-9,7543.0,821.0,10.9,38324.0,134556
2014,Imperial,ICD-9,7519.0,1046.0,13.9,33758.0,177786
2014,Inyo,ICD-9,834.0,64.0,7.7,48579.0,18280
2014,Kern,ICD-9,40730.0,5474.0,13.4,36164.0,869837
2014,Kings,ICD-9,6126.0,761.0,12.4,32810.0,149373
2014,Lake,ICD-9,5053.0,771.0,15.3,34201.0,64056
2014,Lassen,ICD-9,1028.0,129.0,12.5,29488.0,31664
2014,Los Angeles,ICD-9,489218.0,72658.0,14.9,50052.0,-8413295
2014,Madera,ICD-9,6780.0,835.0,12.3,33801.0,153357
2014,Marin,ICD-9,10679.0,1167.0,10.9,102032.0,260403
2014,Mariposa,ICD-9,1089.0,147.0,13.5,40809.0,17745
2014,Mendocino,ICD-9,5164.0,590.0,11.4,40074.0,87247
2014,Merced,ICD-9,11433.0,1530.0,13.4,34240.0,264241
2014,Modoc,ICD-9,322.0,25.0,7.8,40683.0,9078
2014,Mono,ICD-9,270.0,33.0,12.2,42683.0,14130
2014,Monterey,ICD-9,16384.0,1666.0,10.2,46374.0,427985
2014,Napa,ICD-9,7288.0,932.0,12.8,58241.0,140331
2014,Nevada,ICD-9,5736.0,711.0,12.4,51373.0,98605
2014,Orange,ICD-9,130679.0,16685.0,12.8,55461.0,3126523
2014,Placer,ICD-9,17446.0,1973.0,11.3,55204.0,369241
2014,Plumas,ICD-9,854.0,120.0,14.1,42932.0,18631
2014,Riverside,ICD-9,111062.0,14744.0,13.3,34786.0,2315238
2014,Sacramento,ICD-9,78028.0,10662.0,13.7,43469.0,1474828
2014,San Benito,ICD-9,2594.0,325.0,12.5,40388.0,57891
2014,San Bernardino,ICD-9,101796.0,14251.0,14.0,33381.0,2098346
2014,San Diego,ICD-9,150420.0,19696.0,13.1,50915.0,3249307
2014,San Joaquin,ICD-9,36070.0,4990.0,13.8,36290.0,711296
2014,San Luis Obispo,ICD-9,12268.0,1316.0,10.7,47054.0,278271
2014,San Mateo,ICD-9,27209.0,3434.0,12.6,90760.0,757653
2014,Santa Barbara,ICD-9,18621.0,1965.0,10.6,51447.0,438921
2014,Santa Clara,ICD-9,65778.0,8641.0,13.1,77059.0,1891286
2014,Santa Cruz,ICD-9,10498.0,1078.0,10.3,54072.0,270863
2014,Shasta,ICD-9,13566.0,1462.0,10.8,37909.0,178904
2014,Sierra,ICD-9,127.0,10.0,7.9,37111.0,2976
2014,Siskiyou,ICD-9,2143.0,203.0,9.5,36561.0,43357
2014,Solano,ICD-9,19610.0,2685.0,13.7,41195.0,428971
2014,Sonoma,ICD-9,21862.0,2540.0,11.6,49836.0,498317
2014,Stanislaus,ICD-9,30096.0,4036.0,13.4,36753.0,527814
2014,Sutter,ICD-9,5555.0,724.0,13.0,36688.0,94721
2014,Tehama,ICD-9,3368.0,420.0,12.5,33917.0,62797
2014,Trinity,ICD-9,889.0,122.0,13.7,28420.0,13126
2014,Tulare,ICD-9,20841.0,2622.0,12.6,34983.0,454858
2014,Tuolumne,ICD-9,3973.0,505.0,12.7,38181.0,53830
2014,Ventura,ICD-9,38377.0,4630.0,12.1,51943.0,842113
2014,Yolo,ICD-9,7365.0,829.0,11.3,46763.0,208368
2014,Yuba,ICD-9,4585.0,707.0,15.4,34303.0,73527
2015,Alameda,ICD-9,49269.0,6917.0,14.04,61618.0,1634326
2015,Alpine,ICD-9,9.0,0.0,0.0,63924.0,1080
2015,Amador,ICD-9,2124.0,282.0,13.28,39764.0,37039
2015,Butte,ICD-9,16661.0,2907.0,17.45,39352.0,224643
2015,Calaveras,ICD-9,2174.0,269.0,12.37,42659.0,44972
2015,Colusa,ICD-9,757.0,83.0,10.96,39272.0,21208
2015,Contra Costa,ICD-9,41392.0,5752.0,13.9,67056.0,1124148
2015,Del Norte,ICD-9,889.0,94.0,10.57,33072.0,27198
2015,El Dorado,ICD-9,7038.0,809.0,11.49,58818.0,184627
2015,Fresno,ICD-9,36503.0,5072.0,13.89,38296.0,968889
2015,Glenn,ICD-9,1401.0,162.0,11.56,38924.0,27723
2015,Humboldt,ICD-9,5666.0,568.0,10.02,40594.0,135177
2015,Imperial,ICD-9,5769.0,779.0,13.5,36121.0,178701
2015,Inyo,ICD-9,637.0,60.0,9.42,50961.0,18097
2015,Kern,ICD-9,30391.0,3770.0,12.4,36532.0,876548
2015,Kings,ICD-9,4683.0,606.0,12.94,32733.0,149960
2015,Lake,ICD-9,3891.0,520.0,13.36,35796.0,64266
2015,Lassen,ICD-9,751.0,78.0,10.39,31092.0,31256
2015,Los Angeles,ICD-9,374849.0,55914.0,14.92,53067.0,-8369481
2015,Madera,ICD-9,5174.0,656.0,12.68,34323.0,153448
2015,Marin,ICD-9,8072.0,878.0,10.88,109274.0,260974
2015,Mariposa,ICD-9,854.0,113.0,13.23,43701.0,17653
2015,Mendocino,ICD-9,3816.0,460.0,12.05,41701.0,87131
2015,Merced,ICD-9,9474.0,1274.0,13.45,35167.0,266133
2015,Modoc,ICD-9,265.0,24.0,9.06,42461.0,9064
2015,Mono,ICD-9,193.0,11.0,5.7,44056.0,14074
2015,Monterey,ICD-9,12919.0,1353.0,10.47,49757.0,430178
2015,Napa,ICD-9,5362.0,697.0,13.0,62781.0,140766
2015,Nevada,ICD-9,4384.0,570.0,13.0,53134.0,98716
2015,Orange,ICD-9,100168.0,12602.0,12.58,59242.0,3148952
2015,Placer,ICD-9,12961.0,1452.0,11.2,58519.0,372870
2015,Plumas,ICD-9,694.0,67.0,9.65,44091.0,18435
2015,Riverside,ICD-9,86333.0,11733.0,13.59,36590.0,2344648
2015,Sacramento,ICD-9,59197.0,8068.0,13.63,45866.0,1493547
2015,San Benito,ICD-9,1935.0,231.0,11.94,44028.0,58276
2015,San Bernardino,ICD-9,75949.0,10305.0,13.57,35179.0,2114352
2015,San Diego,ICD-9,115410.0,15086.0,13.07,53357.0,3280825
2015,San Joaquin,ICD-9,26778.0,3453.0,12.89,38463.0,721919
2015,San Luis Obispo,ICD-9,9677.0,1020.0,10.54,49914.0,280138
2015,San Mateo,ICD-9,21159.0,2730.0,12.9,99076.0,765479
2015,Santa Barbara,ICD-9,14130.0,1574.0,11.14,54318.0,442051
2015,Santa Clara,ICD-9,51175.0,6733.0,13.16,83773.0,1915736
2015,Santa Cruz,ICD-9,8197.0,885.0,10.8,56902.0,273495
2015,Shasta,ICD-9,10130.0,1031.0,10.18,40252.0,178386
2015,Sierra,ICD-9,85.0,5.0,5.88,36501.0,2990
2015,Siskiyou,ICD-9,1724.0,168.0,9.74,39585.0,43275
2015,Solano,ICD-9,14646.0,1964.0,13.41,43597.0,433378
2015,Sonoma,ICD-9,17382.0,2014.0,11.59,53594.0,500598
2015,Stanislaus,ICD-9,23119.0,3075.0,13.3,39006.0,532954
2015,Sutter,ICD-9,4325.0,544.0,12.58,39130.0,95224
2015,Tehama,ICD-9,2602.0,325.0,12.49,35500.0,63150
2015,Trinity,ICD-9,709.0,100.0,14.1,29552.0,13094
2015,Tulare,ICD-9,16424.0,2243.0,13.66,35556.0,456794
2015,Tuolumne,ICD-9,3144.0,410.0,13.04,40912.0,53599
2015,Ventura,ICD-9,30175.0,3862.0,12.8,54241.0,845599
2015,Yolo,ICD-9,5852.0,726.0,12.41,49027.0,211998
2015,Yuba,ICD-9,3521.0,527.0,14.97,36587.0,74039
2016,Alameda,ICD-10,65203.0,9759.0,14.97,65215.0,1650765
2016,Alpine,ICD-10,21.0,1.0,4.76,70376.0,1053
2016,Amador,ICD-10,2814.0,390.0,13.86,40310.0,37443
2016,Butte,ICD-10,22675.0,4041.0,17.82,40662.0,226222
2016,Calaveras,ICD-10,2868.0,400.0,13.95,44010.0,45307
2016,Colusa,ICD-10,971.0,121.0,12.46,41196.0,21476
2016,Contra Costa,ICD-10,52750.0,7662.0,14.53,70261.0,1137259
2016,Del Norte,ICD-10,1238.0,125.0,10.1,34105.0,27415
2016,El Dorado,ICD-10,10298.0,1418.0,13.77,62076.0,186027
2016,Fresno,ICD-10,50589.0,8296.0,16.4,39072.0,976231
2016,Glenn,ICD-10,1935.0,281.0,14.52,40126.0,27796
2016,Humboldt,ICD-10,7804.0,937.0,12.01,41584.0,136477
2016,Imperial,ICD-10,7981.0,1198.0,15.01,35252.0,179881
2016,Inyo,ICD-10,757.0,77.0,10.17,54731.0,17897
2016,Kern,ICD-10,41749.0,5561.0,13.32,36168.0,881094
2016,Kings,ICD-10,6718.0,1030.0,15.33,34161.0,149269
2016,Lake,ICD-10,5375.0,845.0,15.72,36651.0,63912
2016,Lassen,ICD-10,856.0,96.0,11.21,32336.0,30715
2016,Los Angeles,ICD-10,493868.0,77874.0,15.77,54750.0,-8351879
2016,Madera,ICD-10,6997.0,1059.0,15.14,35931.0,153694
2016,Marin,ICD-10,11232.0,1321.0,11.76,113226.0,260721
2016,Mariposa,ICD-10,1117.0,154.0,13.79,46915.0,17498
2016,Mendocino,ICD-10,5158.0,666.0,12.91,42497.0,87319
2016,Merced,ICD-10,13467.0,2087.0,15.5,35626.0,267370
2016,Modoc,ICD-10,314.0,29.0,9.24,43145.0,8957
2016,Mono,ICD-10,308.0,31.0,10.06,45291.0,14256
2016,Monterey,ICD-10,17789.0,2066.0,11.61,50839.0,433436
2016,Napa,ICD-10,7363.0,1002.0,13.61,66405.0,140778
2016,Nevada,ICD-10,5671.0,807.0,14.23,55382.0,98939
2016,Orange,ICD-10,133527.0,17983.0,13.47,61188.0,3164277
2016,Placer,ICD-10,18698.0,2180.0,11.66,60591.0,379046
2016,Plumas,ICD-10,907.0,107.0,11.8,44612.0,18691
2016,Riverside,ICD-10,113451.0,16431.0,14.48,38050.0,2378282
2016,Sacramento,ICD-10,77797.0,11095.0,14.26,46904.0,1511401
2016,San Benito,ICD-10,2505.0,306.0,12.22,46235.0,59270
2016,San Bernardino,ICD-10,104398.0,15630.0,14.97,36422.0,2130726
2016,San Diego,ICD-10,151703.0,20891.0,13.77,55074.0,3305462
2016,San Joaquin,ICD-10,36298.0,5369.0,14.79,39777.0,732662
2016,San Luis Obispo,ICD-10,12941.0,1502.0,11.61,51118.0,281884
2016,San Mateo,ICD-10,27003.0,3461.0,12.82,103798.0,767928
2016,Santa Barbara,ICD-10,19086.0,2236.0,11.72,54873.0,444112
2016,Santa Clara,ICD-10,68322.0,9691.0,14.18,90105.0,1928144
2016,Santa Cruz,ICD-10,10584.0,1171.0,11.06,58504.0,274476
2016,Shasta,ICD-10,14114.0,1675.0,11.87,41305.0,178592
2016,Sierra,ICD-10,132.0,15.0,11.36,37831.0,2956
2016,Siskiyou,ICD-10,2269.0,233.0,10.27,40621.0,43402
2016,Solano,ICD-10,21124.0,3069.0,14.53,45447.0,438834
2016,Sonoma,ICD-10,23675.0,2898.0,12.24,55513.0,502445
2016,Stanislaus,ICD-10,30756.0,4167.0,13.55,39780.0,538986
2016,Sutter,ICD-10,5796.0,816.0,14.08,39983.0,95769
2016,Tehama,ICD-10,3645.0,482.0,13.22,36008.0,63468
2016,Trinity,ICD-10,888.0,110.0,12.39,29722.0,12827
2016,Tulare,ICD-10,21561.0,3136.0,14.54,37125.0,458991
2016,Tuolumne,ICD-10,3887.0,582.0,14.97,42373.0,53729
2016,Ventura,ICD-10,40230.0,5489.0,13.64,55756.0,846921
2016,Yolo,ICD-10,8078.0,1083.0,13.41,49918.0,215569
2016,Yuba,ICD-10,4758.0,731.0,15.36,37593.0,74920
2017,Alameda,ICD-10,64950.0,9676.0,14.9,69258.0,1659824
2017,Alpine,ICD-10,9.0,0.0,0.0,68653.0,1116
2017,Amador,ICD-10,2970.0,405.0,13.64,41237.0,38549
2017,Butte,ICD-10,23283.0,4406.0,18.92,41581.0,228700
2017,Calaveras,ICD-10,2997.0,399.0,13.31,45833.0,45658
2017,Colusa,ICD-10,988.0,124.0,12.55,41189.0,21558
2017,Contra Costa,ICD-10,53095.0,8016.0,15.1,74770.0,1145623
2017,Del Norte,ICD-10,1390.0,161.0,11.58,34350.0,27383
2017,El Dorado,ICD-10,10457.0,1457.0,13.93,63328.0,188793
2017,Fresno,ICD-10,49058.0,7239.0,14.76,39600.0,984726
2017,Glenn,ICD-10,1957.0,290.0,14.82,40428.0,27876
2017,Humboldt,ICD-10,7593.0,919.0,12.1,42818.0,136710
2017,Imperial,ICD-10,8276.0,1240.0,14.98,35585.0,181250
2017,Inyo,ICD-10,838.0,79.0,9.43,56308.0,17819
2017,Kern,ICD-10,41270.0,5728.0,13.88,36574.0,887316
2017,Kings,ICD-10,6417.0,945.0,14.73,35395.0,149542
2017,Lake,ICD-10,5354.0,853.0,15.93,38201.0,64132
2017,Lassen,ICD-10,831.0,69.0,8.3,32154.0,30919
2017,Los Angeles,ICD-10,481784.0,75361.0,15.64,56635.0,-8354379
2017,Madera,ICD-10,6784.0,931.0,13.72,36871.0,155079
2017,Marin,ICD-10,11379.0,1412.0,12.41,119063.0,259975
2017,Mariposa,ICD-10,1184.0,167.0,14.1,49097.0,17461
2017,Mendocino,ICD-10,5348.0,681.0,12.73,43743.0,87690
2017,Merced,ICD-10,14017.0,2182.0,15.57,36405.0,270837
2017,Modoc,ICD-10,349.0,42.0,12.03,43305.0,8864
2017,Mono,ICD-10,280.0,22.0,7.86,51037.0,14333
2017,Monterey,ICD-10,18362.0,2179.0,11.87,51861.0,433803
2017,Napa,ICD-10,7243.0,1000.0,13.81,68063.0,139818
2017,Nevada,ICD-10,5666.0,778.0,13.73,56004.0,99421
2017,Orange,ICD-10,132179.0,17820.0,13.48,63513.0,3174159
2017,Placer,ICD-10,19073.0,2178.0,11.42,62803.0,385348
2017,Plumas,ICD-10,840.0,97.0,11.55,45975.0,18680
2017,Riverside,ICD-10,111614.0,16334.0,14.63,39060.0,2413058
2017,Sacramento,ICD-10,80190.0,12074.0,15.06,48299.0,1527984
2017,San Benito,ICD-10,2464.0,320.0,12.99,48563.0,60190
2017,San Bernardino,ICD-10,104537.0,15991.0,15.3,37311.0,2149847
2017,San Diego,ICD-10,151905.0,20823.0,13.71,56969.0,3319019
2017,San Joaquin,ICD-10,37377.0,5636.0,15.08,40888.0,743286
2017,San Luis Obispo,ICD-10,13019.0,1469.0,11.28,53626.0,282473
2017,San Mateo,ICD-10,26998.0,3435.0,12.72,114013.0,768658
2017,Santa Barbara,ICD-10,19072.0,2351.0,12.33,57012.0,444998
2017,Santa Clara,ICD-10,70038.0,10082.0,14.4,97652.0,1932251
2017,Santa Cruz,ICD-10,10702.0,1323.0,12.36,62065.0,274865
2017,Shasta,ICD-10,14022.0,1647.0,11.75,42714.0,179403
2017,Sierra,ICD-10,96.0,7.0,7.29,38612.0,3008
2017,Siskiyou,ICD-10,2122.0,193.0,9.1,41411.0,43647
2017,Solano,ICD-10,20236.0,2951.0,14.58,46644.0,443554
2017,Sonoma,ICD-10,23479.0,3024.0,12.88,57858.0,502203
2017,Stanislaus,ICD-10,30327.0,4137.0,13.64,40592.0,544494
2017,Sutter,ICD-10,5639.0,734.0,13.02,40348.0,96161
2017,Tehama,ICD-10,3474.0,485.0,13.96,37997.0,63827
2017,Trinity,ICD-10,869.0,115.0,13.23,29747.0,12727
2017,Tulare,ICD-10,22274.0,3157.0,14.17,37983.0,462072
2017,Tuolumne,ICD-10,3730.0,493.0,13.22,43170.0,53953
2017,Ventura,ICD-10,39966.0,5535.0,13.85,57456.0,848264
2017,Yolo,ICD-10,8171.0,1134.0,13.88,50754.0,218470
2017,Yuba,ICD-10,4909.0,758.0,15.44,37776.0,76575
2018,Alameda,ICD-10,62646.0,9882.0,15.77,74193.0,1666596
2018,Alpine,ICD-10,18.0,2.0,11.11,74453.0,1081
2018,Amador,ICD-10,2877.0,458.0,15.92,41827.0,39349
2018,Butte,ICD-10,23190.0,4151.0,17.9,42630.0,230330
2018,Calaveras,ICD-10,2941.0,411.0,13.97,47296.0,45747
2018,Colusa,ICD-10,1195.0,185.0,15.48,45624.0,21389
2018,Contra Costa,ICD-10,51183.0,7884.0,15.4,78504.0,1150840
2018,Del Norte,ICD-10,1416.0,178.0,12.57,35090.0,27793
2018,El Dorado,ICD-10,10371.0,1434.0,13.83,66033.0,190925
2018,Fresno,ICD-10,48893.0,7348.0,15.03,40606.0,991298
2018,Glenn,ICD-10,2126.0,314.0,14.77,42536.0,27899
2018,Humboldt,ICD-10,7449.0,957.0,12.85,43823.0,136502
2018,Imperial,ICD-10,8453.0,1205.0,14.26,35217.0,181062
2018,Inyo,ICD-10,852.0,79.0,9.27,54870.0,17894
2018,Kern,ICD-10,39488.0,5471.0,13.85,37557.0,893618
2018,Kings,ICD-10,6010.0,879.0,14.63,35042.0,151221
2018,Lake,ICD-10,5227.0,813.0,15.55,38998.0,64394
2018,Lassen,ICD-10,798.0,72.0,9.02,32629.0,30658
2018,Los Angeles,ICD-10,475044.0,74910.0,15.77,59004.0,-8385211
2018,Madera,ICD-10,7023.0,999.0,14.22,37414.0,156373
2018,Marin,ICD-10,10779.0,1365.0,12.66,128091.0,260091
2018,Mariposa,ICD-10,1069.0,139.0,13.0,51043.0,17361
2018,Mendocino,ICD-10,5400.0,795.0,14.72,45250.0,87549
2018,Merced,ICD-10,14124.0,2236.0,15.83,36820.0,273733
2018,Modoc,ICD-10,300.0,37.0,12.33,43751.0,8816
2018,Mono,ICD-10,296.0,31.0,10.47,49783.0,14400
2018,Monterey,ICD-10,19247.0,2399.0,12.46,52346.0,433359
2018,Napa,ICD-10,6819.0,1059.0,15.53,69010.0,138620
2018,Nevada,ICD-10,5779.0,799.0,13.83,57335.0,99472
2018,Orange,ICD-10,130341.0,17385.0,13.34,66058.0,3175579
2018,Placer,ICD-10,18737.0,2199.0,11.74,64803.0,392735
2018,Plumas,ICD-10,970.0,125.0,12.89,47601.0,18830
2018,Riverside,ICD-10,112715.0,16709.0,14.82,40582.0,2443221
2018,Sacramento,ICD-10,77626.0,11686.0,15.05,50314.0,1539550
2018,San Benito,ICD-10,2487.0,349.0,14.03,50108.0,61415
2018,San Bernardino,ICD-10,104972.0,15905.0,15.15,38663.0,2165627
2018,San Diego,ICD-10,153864.0,21665.0,14.08,59014.0,3332483
2018,San Joaquin,ICD-10,36982.0,5533.0,14.96,42320.0,752590
2018,San Luis Obispo,ICD-10,12990.0,1587.0,12.22,55473.0,283250
2018,San Mateo,ICD-10,25690.0,3319.0,12.92,123303.0,768410
2018,Santa Barbara,ICD-10,18914.0,2242.0,11.85,59649.0,445137
2018,Santa Clara,ICD-10,65621.0,9447.0,14.4,106567.0,1931985
2018,Santa Cruz,ICD-10,9985.0,1159.0,11.61,64845.0,273713
2018,Shasta,ICD-10,13815.0,1750.0,12.67,43843.0,179666
2018,Sierra,ICD-10,103.0,10.0,9.71,39756.0,2961
2018,Siskiyou,ICD-10,1952.0,201.0,10.3,42268.0,43624
2018,Solano,ICD-10,19873.0,3011.0,15.15,48566.0,445931
2018,Sonoma,ICD-10,22588.0,3036.0,13.44,61066.0,497221
2018,Stanislaus,ICD-10,30021.0,3980.0,13.26,41452.0,547855
2018,Sutter,ICD-10,5966.0,774.0,12.97,42184.0,96348
2018,Tehama,ICD-10,3848.0,581.0,15.1,38783.0,63904
2018,Trinity,ICD-10,845.0,107.0,12.66,30685.0,12598
2018,Tulare,ICD-10,20948.0,2781.0,13.28,38070.0,464279
2018,Tuolumne,ICD-10,3495.0,420.0,12.02,43806.0,54250
2018,Ventura,ICD-10,39246.0,5691.0,14.5,59781.0,847222
2018,Yolo,ICD-10,7761.0,1032.0,13.3,52040.0,220082
2018,Yuba,ICD-10,5056.0,737.0,14.58,39466.0,77418
2019,Alameda,ICD-10,62440.0,9756.0,15.62,79984.0,1668412
2019,Alpine,ICD-10,10.0,0.0,0.0,79307.0,1113
2019,Amador,ICD-10,2894.0,392.0,13.55,43895.0,39693
2019,Butte,ICD-10,21958.0,3973.0,18.09,45907.0,218726
2019,Calaveras,ICD-10,3051.0,467.0,15.31,50094.0,46119
2019,Colusa,ICD-10,1196.0,170.0,14.21,44701.0,21474
2019,Contra Costa,ICD-10,50840.0,7765.0,15.27,80347.0,1152883
2019,Del Norte,ICD-10,1463.0,170.0,11.62,36562.0,27903
2019,El Dorado,ICD-10,10281.0,1439.0,14.0,68999.0,193057
2019,Fresno,ICD-10,48532.0,7442.0,15.33,42639.0,997847
2019,Glenn,ICD-10,2264.0,350.0,15.46,43100.0,28445
2019,Humboldt,ICD-10,7263.0,947.0,13.04,45720.0,135839
2019,Imperial,ICD-10,8295.0,1253.0,15.11,37669.0,180439
2019,Inyo,ICD-10,958.0,99.0,10.33,57726.0,17993
2019,Kern,ICD-10,40793.0,5885.0,14.43,39288.0,898898
2019,Kings,ICD-10,6360.0,937.0,14.73,36388.0,152727
2019,Lake,ICD-10,5108.0,822.0,16.09,40228.0,64462
2019,Lassen,ICD-10,774.0,76.0,9.82,32690.0,30694
2019,Los Angeles,ICD-10,465091.0,73376.0,15.78,62604.0,-8435142
2019,Madera,ICD-10,6743.0,865.0,12.83,39026.0,156717
2019,Marin,ICD-10,10086.0,1222.0,12.12,136630.0,259084
2019,Mariposa,ICD-10,1115.0,124.0,11.12,53833.0,17117
2019,Mendocino,ICD-10,5228.0,708.0,13.54,47037.0,86932
2019,Merced,ICD-10,13468.0,2112.0,15.68,38416.0,277114
2019,Modoc,ICD-10,372.0,50.0,13.44,46528.0,8866
2019,Mono,ICD-10,333.0,33.0,9.91,54879.0,14450
2019,Monterey,ICD-10,19847.0,2651.0,13.36,55672.0,433380
2019,Napa,ICD-10,6551.0,1049.0,16.01,73267.0,137678
2019,Nevada,ICD-10,5684.0,760.0,13.37,60472.0,99648
2019,Orange,ICD-10,127580.0,17412.0,13.65,69619.0,3170851
2019,Placer,ICD-10,18957.0,2282.0,12.04,67654.0,398918
2019,Plumas,ICD-10,851.0,100.0,11.75,49351.0,19052
2019,Riverside,ICD-10,114978.0,17036.0,14.82,43086.0,2465569
2019,Sacramento,ICD-10,75730.0,11297.0,14.92,52570.0,1551660
2019,San Benito,ICD-10,2276.0,305.0,13.4,54108.0,62803
2019,San Bernardino,ICD-10,104217.0,16022.0,15.37,41088.0,2177279
2019,San Diego,ICD-10,155859.0,21752.0,13.96,62047.0,3330459
2019,San Joaquin,ICD-10,37222.0,5817.0,15.63,45297.0,761571
2019,San Luis Obispo,ICD-10,12891.0,1622.0,12.58,59012.0,282728
2019,San Mateo,ICD-10,25264.0,3279.0,12.98,129043.0,764810
2019,Santa Barbara,ICD-10,19432.0,2249.0,11.57,62388.0,445464
2019,Santa Clara,ICD-10,64589.0,9259.0,14.34,112598.0,1922411
2019,Santa Cruz,ICD-10,10316.0,1283.0,12.44,69402.0,272870
2019,Shasta,ICD-10,13651.0,1715.0,12.56,45675.0,179645
2019,Sierra,ICD-10,116.0,12.0,10.34,41750.0,2959
2019,Siskiyou,ICD-10,2009.0,201.0,10.0,43375.0,43663
2019,Solano,ICD-10,20472.0,3144.0,15.36,51608.0,447434
2019,Sonoma,ICD-10,22767.0,3150.0,13.84,65887.0,492318
2019,Stanislaus,ICD-10,30499.0,4321.0,14.17,43435.0,549761
2019,Sutter,ICD-10,5740.0,789.0,13.75,43880.0,96910
2019,Tehama,ICD-10,3895.0,578.0,14.84,40014.0,65186
2019,Trinity,ICD-10,784.0,86.0,10.97,31622.0,12337
2019,Tulare,ICD-10,22009.0,3112.0,14.14,39842.0,465751
2019,Tuolumne,ICD-10,3581.0,484.0,13.52,45870.0,54290
2019,Ventura,ICD-10,40324.0,6006.0,14.89,62925.0,844203
2019,Yolo,ICD-10,7958.0,1129.0,14.19,55261.0,220019
2019,Yuba,ICD-10,5078.0,789.0,15.54,41278.0,78549
2020,Alameda,ICD-10,54864.0,8381.0,15.28,88190.0,1680466
2020,Alpine,ICD-10,7.0,2.0,28.57,74115.0,1205
2020,Amador,ICD-10,2484.0,353.0,14.21,47386.0,40525
2020,Butte,ICD-10,19635.0,3585.0,18.26,51323.0,210151
2020,Calaveras,ICD-10,2648.0,358.0,13.52,54125.0,45348
2020,Colusa,ICD-10,998.0,137.0,13.73,56163.0,21864
2020,Contra Costa,ICD-10,44201.0,6583.0,14.89,87839.0,1166069
2020,Del Norte,ICD-10,1174.0,112.0,9.54,41481.0,27604
2020,El Dorado,ICD-10,9180.0,1332.0,14.51,74030.0,191245
2020,Fresno,ICD-10,44932.0,6844.0,15.23,48200.0,1009552
2020,Glenn,ICD-10,1983.0,288.0,14.52,49391.0,28904
2020,Humboldt,ICD-10,5984.0,738.0,12.33,50120.0,136262
2020,Imperial,ICD-10,7229.0,1015.0,14.04,45909.0,179612
2020,Inyo,ICD-10,855.0,91.0,10.64,59834.0,18987
2020,Kern,ICD-10,36595.0,4963.0,13.56,44528.0,905910
2020,Kings,ICD-10,5721.0,835.0,14.6,41319.0,152844
2020,Lake,ICD-10,4191.0,618.0,14.75,43949.0,68199
2020,Lassen,ICD-10,614.0,59.0,9.61,37997.0,32314
2020,Los Angeles,ICD-10,391234.0,59374.0,15.18,67904.0,-8453931
2020,Madera,ICD-10,5855.0,797.0,13.61,44026.0,156345
2020,Marin,ICD-10,8660.0,1092.0,12.61,145393.0,261305
2020,Mariposa,ICD-10,1007.0,128.0,12.71,57220.0,17119
2020,Mendocino,ICD-10,4856.0,673.0,13.86,52318.0,91367
2020,Merced,ICD-10,11523.0,1752.0,15.2,44087.0,281830
2020,Modoc,ICD-10,338.0,45.0,13.31,53386.0,8681
2020,Mono,ICD-10,274.0,30.0,10.95,60481.0,13228
2020,Monterey,ICD-10,17352.0,2283.0,13.16,60598.0,438322
2020,Napa,ICD-10,5168.0,747.0,14.45,82962.0,137459
2020,Nevada,ICD-10,5158.0,682.0,13.22,65064.0,102265
2020,Orange,ICD-10,109124.0,14464.0,13.25,75074.0,3185734
2020,Placer,ICD-10,17443.0,2120.0,12.15,73235.0,405927
2020,Plumas,ICD-10,681.0,80.0,11.75,54523.0,19746
2020,Riverside,ICD-10,101235.0,14085.0,13.91,47615.0,2422993
2020,Sacramento,ICD-10,69182.0,10274.0,14.85,57621.0,1586566
2020,San Benito,ICD-10,2082.0,291.0,13.98,60573.0,64530
2020,San Bernardino,ICD-10,91071.0,12977.0,14.25,45347.0,2183391
2020,San Diego,ICD-10,137277.0,19112.0,13.92,67569.0,3295298
2020,San Joaquin,ICD-10,32822.0,4992.0,15.21,51569.0,780617
2020,San Luis Obispo,ICD-10,11003.0,1398.0,12.71,63129.0,281884
2020,San Mateo,ICD-10,21940.0,2851.0,12.99,141348.0,762479
2020,Santa Barbara,ICD-10,17361.0,2026.0,11.67,68907.0,448424
2020,Santa Clara,ICD-10,56393.0,8118.0,14.4,121845.0,1931168
2020,Santa Cruz,ICD-10,9178.0,1151.0,12.54,77231.0,270474
2020,Shasta,ICD-10,12277.0,1591.0,12.96,51240.0,182002
2020,Sierra,ICD-10,95.0,11.0,11.58,45402.0,3225
2020,Siskiyou,ICD-10,1791.0,186.0,10.39,49348.0,43995
2020,Solano,ICD-10,17619.0,2598.0,14.75,58642.0,452723
2020,Sonoma,ICD-10,19924.0,2664.0,13.37,72601.0,488282
2020,Stanislaus,ICD-10,27464.0,3868.0,14.08,48654.0,553257
2020,Sutter,ICD-10,5415.0,776.0,14.33,49370.0,99479
2020,Tehama,ICD-10,3505.0,445.0,12.7,44409.0,65687
2020,Trinity,ICD-10,693.0,85.0,12.27,33262.0,16091
2020,Tulare,ICD-10,18786.0,2653.0,14.12,45486.0,473914
2020,Tuolumne,ICD-10,3304.0,474.0,14.35,49614.0,55379
2020,Ventura,ICD-10,34820.0,4945.0,14.2,67666.0,843371
2020,Yolo,ICD-10,6945.0,976.0,14.05,60205.0,216291
2020,Yuba,ICD-10,4513.0,712.0,15.78,45544.0,81958
2021,Alameda,ICD-10,57303.0,9116.0,15.91,98370.0,1644047
2021,Alpine,ICD-10,18.0,1.0,5.56,72843.0,1229
2021,Amador,ICD-10,2526.0,337.0,13.34,49945.0,41228
2021,Butte,ICD-10,19671.0,3643.0,18.52,55937.0,206336
2021,Calaveras,ICD-10,2531.0,339.0,13.39,56645.0,46249
2021,Colusa,ICD-10,1097.0,156.0,14.22,59056.0,21919
2021,Contra Costa,ICD-10,47076.0,7126.0,15.14,94437.0,1163941
2021,Del Norte,ICD-10,1197.0,154.0,12.87,44626.0,27584
2021,El Dorado,ICD-10,9451.0,1341.0,14.19,79332.0,193704
2021,Fresno,ICD-10,47105.0,7060.0,14.99,51977.0,1013103
2021,Glenn,ICD-10,2020.0,278.0,13.76,52296.0,28718
2021,Humboldt,ICD-10,5977.0,750.0,12.55,53997.0,134897
2021,Imperial,ICD-10,6840.0,895.0,13.08,48487.0,179138
2021,Inyo,ICD-10,649.0,63.0,9.71,61080.0,18924
2021,Kern,ICD-10,38249.0,5070.0,13.26,46934.0,912709
2021,Kings,ICD-10,5759.0,779.0,13.53,43867.0,152775
2021,Lake,ICD-10,4313.0,646.0,14.98,46918.0,68645
2021,Lassen,ICD-10,658.0,49.0,7.45,40835.0,31885
2021,Los Angeles,ICD-10,403988.0,60634.0,15.01,73343.0,-8637282
2021,Madera,ICD-10,6051.0,798.0,13.19,47871.0,158966
2021,Marin,ICD-10,9224.0,1118.0,12.12,164340.0,259278
2021,Mariposa,ICD-10,952.0,114.0,11.97,60465.0,17127
2021,Mendocino,ICD-10,4894.0,638.0,13.04,56305.0,91321
2021,Merced,ICD-10,12140.0,1756.0,14.46,47854.0,284610
2021,Modoc,ICD-10,291.0,21.0,7.22,55635.0,8641
2021,Mono,ICD-10,261.0,21.0,8.05,63295.0,13271
2021,Monterey,ICD-10,17889.0,2326.0,13.0,64975.0,437158
2021,Napa,ICD-10,5482.0,754.0,13.75,87015.0,136265
2021,Nevada,ICD-10,5172.0,672.0,12.99,70364.0,103517
2021,Orange,ICD-10,109967.0,14435.0,13.13,81505.0,3160611
2021,Placer,ICD-10,19165.0,2536.0,13.23,79424.0,413047
2021,Plumas,ICD-10,704.0,93.0,13.21,58564.0,19958
2021,Riverside,ICD-10,103826.0,14123.0,13.6,51558.0,2453399
2021,Sacramento,ICD-10,73454.0,11320.0,15.41,61752.0,1588810
2021,San Benito,ICD-10,2406.0,360.0,14.96,62228.0,66709
2021,San Bernardino,ICD-10,91284.0,12642.0,13.85,49741.0,2193087
2021,San Diego,ICD-10,146135.0,20537.0,14.05,73084.0,3274432
2021,San Joaquin,ICD-10,33393.0,4971.0,14.89,55952.0,788354
2021,San Luis Obispo,ICD-10,11090.0,1334.0,12.03,68378.0,279464
2021,San Mateo,ICD-10,22904.0,2982.0,13.02,173524.0,739149
2021,Santa Barbara,ICD-10,17936.0,2250.0,12.54,76392.0,437521
2021,Santa Clara,ICD-10,58931.0,8721.0,14.8,143938.0,1885173
2021,Santa Cruz,ICD-10,9931.0,1262.0,12.71,88329.0,260475
2021,Shasta,ICD-10,12325.0,1512.0,12.27,54385.0,182135
2021,Sierra,ICD-10,98.0,12.0,12.24,47419.0,3294
2021,Siskiyou,ICD-10,1771.0,178.0,10.05,52624.0,44139
2021,Solano,ICD-10,18007.0,2555.0,14.19,59755.0,450653
2021,Sonoma,ICD-10,20610.0,2844.0,13.8,78100.0,484519
2021,Stanislaus,ICD-10,29264.0,4218.0,14.41,52389.0,552723
2021,Sutter,ICD-10,5702.0,924.0,16.2,53513.0,99152
2021,Tehama,ICD-10,3517.0,489.0,13.9,48029.0,65446
2021,Trinity,ICD-10,684.0,82.0,11.99,35829.0,16082
2021,Tulare,ICD-10,19448.0,2560.0,13.16,49064.0,477176
2021,Tuolumne,ICD-10,3231.0,442.0,13.68,52854.0,55131
2021,Ventura,ICD-10,35387.0,4875.0,13.78,74252.0,839471
2021,Yolo,ICD-10,7134.0,1039.0,14.56,66181.0,213141
2021,Yuba,ICD-10,4772.0,720.0,15.09,49250.0,83227
2022,Alameda,ICD-10,56732.0,9088.0,16.02,100836.0,1628259
2022,Alpine,ICD-10,10.0,4.0,40.0,67603.0,1190
2022,Amador,ICD-10,2472.0,323.0,13.07,47792.0,41493
2022,Butte,ICD-10,17966.0,3214.0,17.89,53962.0,207369
2022,Calaveras,ICD-10,2524.0,386.0,15.29,55582.0,46556
2022,Colusa,ICD-10,903.0,104.0,11.52,55572.0,21909
2022,Contra Costa,ICD-10,46208.0,6982.0,15.11,97061.0,1157019
2022,Del Norte,ICD-10,1341.0,151.0,11.26,43820.0,27112
2022,El Dorado,ICD-10,8987.0,1237.0,13.76,79567.0,192787
2022,Fresno,ICD-10,47111.0,7159.0,15.2,50440.0,1015359
2022,Glenn,ICD-10,1757.0,252.0,14.34,51112.0,28360
2022,Humboldt,ICD-10,6159.0,737.0,11.97,53540.0,134944
2022,Imperial,ICD-10,6673.0,908.0,13.61,45622.0,178940
2022,Inyo,ICD-10,545.0,53.0,9.72,59323.0,18742
2022,Kern,ICD-10,34947.0,4643.0,13.29,44595.0,916751
2022,Kings,ICD-10,5429.0,759.0,13.98,42565.0,152987
2022,Lake,ICD-10,3966.0,601.0,15.15,45403.0,68172
2022,Lassen,ICD-10,579.0,50.0,8.64,41087.0,30020
2022,Los Angeles,ICD-10,393647.0,59193.0,15.04,74378.0,-8726979
2022,Madera,ICD-10,6058.0,856.0,14.13,45181.0,160329
2022,Marin,ICD-10,9375.0,1201.0,12.81,168814.0,256154
2022,Mariposa,ICD-10,944.0,137.0,14.51,60943.0,17053
2022,Mendocino,ICD-10,4607.0,598.0,12.98,55104.0,90007
2022,Merced,ICD-10,11712.0,1709.0,14.59,45918.0,290210
2022,Modoc,ICD-10,307.0,38.0,12.38,57888.0,8619
2022,Mono,ICD-10,229.0,23.0,10.04,65921.0,13002
2022,Monterey,ICD-10,18704.0,2429.0,12.99,65331.0,432884
2022,Napa,ICD-10,5108.0,688.0,13.47,89219.0,134370
2022,Nevada,ICD-10,4818.0,673.0,13.97,71115.0,102401
2022,Orange,ICD-10,108666.0,14826.0,13.64,84109.0,3150372
2022,Placer,ICD-10,18518.0,2309.0,12.47,80052.0,418074
2022,Plumas,ICD-10,634.0,94.0,14.83,59805.0,19443
2022,Riverside,ICD-10,103546.0,14693.0,14.19,50995.0,2474241
2022,Sacramento,ICD-10,70577.0,10399.0,14.73,61965.0,1584380
2022,San Benito,ICD-10,2514.0,368.0,14.64,62275.0,67643
2022,San Bernardino,ICD-10,91005.0,13303.0,14.62,48683.0,2194908
2022,San Diego,ICD-10,144735.0,20302.0,14.03,74476.0,3277176
2022,San Joaquin,ICD-10,32288.0,4998.0,15.48,56363.0,794293
2022,San Luis Obispo,ICD-10,11343.0,1419.0,12.51,68364.0,282046
2022,San Mateo,ICD-10,22807.0,3049.0,13.37,162863.0,728929
2022,Santa Barbara,ICD-10,17333.0,2136.0,12.32,77419.0,443915
2022,Santa Clara,ICD-10,58551.0,8629.0,14.74,142708.0,1878335
2022,Santa Cruz,ICD-10,9591.0,1216.0,12.68,83277.0,264240
2022,Shasta,ICD-10,12200.0,1529.0,12.53,54099.0,180937
2022,Sierra,ICD-10,73.0,10.0,13.7,50451.0,3222
2022,Siskiyou,ICD-10,1667.0,195.0,11.7,51657.0,43786
2022,Solano,ICD-10,17339.0,2481.0,14.31,61019.0,448885
2022,Sonoma,ICD-10,21315.0,3062.0,14.37,78660.0,482669
2022,Stanislaus,ICD-10,27600.0,3821.0,13.84,51092.0,551226
2022,Sutter,ICD-10,4755.0,691.0,14.53,51756.0,98569
2022,Tehama,ICD-10,3291.0,441.0,13.4,46286.0,65299
2022,Trinity,ICD-10,675.0,91.0,13.48,35925.0,15778
2022,Tulare,ICD-10,18119.0,2204.0,12.16,46995.0,477884
2022,Tuolumne,ICD-10,3236.0,472.0,14.59,52565.0,54587
2022,Ventura,ICD-10,34253.0,4771.0,13.93,73994.0,832871
2022,Yolo,ICD-10,7045.0,1005.0,14.27,63544.0,222018
2022,Yuba,ICD-10,4237.0,631.0,14.89,48398.0,84353
