Year,County,ICD Version,Total Admits (Consolidated),30-day Readmits (Consolidated),30-day Readmission Rate (Consolidated),PCPI,Population,Total Admits (Proportion),30-day Readmits (Proportion)
2011,Alameda,ICD-9,75103.0,11377.0,15.1,50432.0,1530893,0.04905829473385795,0.007431610177850444
2011,Alpine,ICD-9,13.0,1.0,7.7,54040.0,1093,0.011893870082342177,0.0009149130832570906
2011,Amador,ICD-9,2657.0,345.0,13.0,34847.0,37539,0.07077972242201444,0.009190441940382002
2011,Butte,ICD-9,20422.0,3198.0,15.7,33669.0,219983,0.09283444629812304,0.014537486987630863
2011,Calaveras,ICD-9,3253.0,392.0,12.1,37516.0,45159,0.07203436745720676,0.00868044022232556
2011,Colusa,ICD-9,1113.0,132.0,11.9,40313.0,21315,0.052216748768472904,0.006192821956368754
2011,Contra Costa,ICD-9,55458.0,7580.0,13.7,57227.0,1065361,0.05205559430089894,0.007114959154690288
2011,Del Norte,ICD-9,1455.0,206.0,14.2,28194.0,28447,0.05114774844447569,0.007241536893169754
2011,El Dorado,ICD-9,9890.0,1305.0,13.2,50362.0,180963,0.05465205594513796,0.0072114189088377184
2011,Fresno,ICD-9,49558.0,6865.0,13.9,32669.0,939251,0.05276331885725967,0.0073090153750169015
2011,Glenn,ICD-9,1745.0,209.0,12.0,34053.0,28131,0.06203121111940564,0.0074295261455333975
2011,Humboldt,ICD-9,7053.0,686.0,9.7,35892.0,135257,0.05214517548075146,0.0050718262271083935
2011,Imperial,ICD-9,9140.0,1194.0,13.1,31225.0,175731,0.052011312745047826,0.006794475647438414
2011,Inyo,ICD-9,794.0,57.0,7.2,43618.0,18385,0.043187381017133535,0.003100353549088931
2011,Kern,ICD-9,46535.0,6514.0,14.0,32141.0,848651,0.054834083739959065,0.007675711216978475
2011,Kings,ICD-9,7388.0,1011.0,13.7,29308.0,151779,0.04867603555169028,0.006661000533670666
2011,Lake,ICD-9,5843.0,893.0,15.3,31444.0,64257,0.09093172728263069,0.01389731858007688
2011,Lassen,ICD-9,1151.0,108.0,9.4,28218.0,34235,0.033620563750547686,0.0031546662772016943
2011,Los Angeles,ICD-9,534319.0,83066.0,15.5,45439.0,9873700,0.05411537721421554,0.008412854350446135
2011,Madera,ICD-9,7137.0,888.0,12.4,29341.0,151685,0.04705145531858786,0.00585423739987474
2011,Marin,ICD-9,12210.0,1414.0,11.6,89206.0,255380,0.04781110501997024,0.005536847051452737
2011,Mariposa,ICD-9,1160.0,144.0,12.4,36741.0,18199,0.06373976592120446,0.007912522666080554
2011,Mendocino,ICD-9,5360.0,653.0,12.2,37658.0,87335,0.06137287456346253,0.007476956546630789
2011,Merced,ICD-9,12482.0,1754.0,14.1,29817.0,259249,0.04814676237902557,0.006765696299696431
2011,Modoc,ICD-9,405.0,38.0,9.4,36359.0,9513,0.04257332071901608,0.003994533795858299
2011,Mono,ICD-9,245.0,17.0,6.9,41168.0,14424,0.016985579589572933,0.0011785912368275097
2011,Monterey,ICD-9,18178.0,1973.0,10.9,41452.0,420379,0.043241931685455266,0.0046933838274509435
2011,Napa,ICD-9,8444.0,1251.0,14.8,48198.0,137668,0.061335967690385566,0.009087079059766976
2011,Nevada,ICD-9,6098.0,782.0,12.8,47210.0,98716,0.06177316747031889,0.007921714818266543
2011,Orange,ICD-9,137953.0,18428.0,13.4,51265.0,3050199,0.04522754089159429,0.006041573025235403
2011,Placer,ICD-9,18464.0,2258.0,12.2,49609.0,356323,0.051818153753757125,0.0063369470957530104
2011,Plumas,ICD-9,1098.0,151.0,13.8,39560.0,19720,0.05567951318458418,0.007657200811359026
2011,Riverside,ICD-9,110802.0,14936.0,13.5,32420.0,2233840,0.049601582924470866,0.00668624431472263
2011,Sacramento,ICD-9,76052.0,10610.0,14.0,39655.0,1433712,0.053045520997243516,0.007400370506768445
2011,San Benito,ICD-9,2806.0,375.0,13.4,36937.0,56094,0.05002317538417656,0.006685206974007915
2011,San Bernardino,ICD-9,105064.0,14941.0,14.2,30773.0,2060596,0.0509871901139282,0.007250814812801733
2011,San Diego,ICD-9,157874.0,21258.0,13.5,46113.0,3137236,0.05032264069391018,0.0067760283255706615
2011,San Joaquin,ICD-9,35737.0,4914.0,13.8,32947.0,694265,0.0514745810317386,0.007077988952345286
2011,San Luis Obispo,ICD-9,14239.0,1603.0,11.3,42219.0,271056,0.052531580190071425,0.005913907089309958
2011,San Mateo,ICD-9,29726.0,3701.0,12.5,78684.0,728945,0.04077948267701953,0.0050772006118431435
2011,Santa Barbara,ICD-9,18297.0,1963.0,10.7,47840.0,425404,0.04301087907024852,0.004614437099792198
2011,Santa Clara,ICD-9,68595.0,9076.0,13.2,65684.0,1811891,0.03785823760921601,0.00500913134399365
2011,Santa Cruz,ICD-9,11076.0,1222.0,11.0,49290.0,264927,0.04180774326512587,0.004612591393100741
2011,Shasta,ICD-9,15075.0,1739.0,11.5,34982.0,177613,0.08487554401986341,0.009790949986768986
2011,Sierra,ICD-9,182.0,26.0,14.3,33655.0,3100,0.05870967741935484,0.008387096774193548
2011,Siskiyou,ICD-9,2376.0,201.0,8.5,33248.0,44622,0.053247277127874144,0.0045045045045045045
2011,Solano,ICD-9,20548.0,2850.0,13.9,38635.0,416325,0.04935567165075362,0.006845613402990452
2011,Sonoma,ICD-9,23404.0,2757.0,11.8,44462.0,487231,0.04803471043509136,0.005658506950501918
2011,Stanislaus,ICD-9,30837.0,4278.0,13.9,32860.0,517515,0.05958667864699574,0.008266427060085214
2011,Sutter,ICD-9,5851.0,720.0,12.3,35304.0,94466,0.061937628353058244,0.007621789850316516
2011,Tehama,ICD-9,3509.0,421.0,12.0,29964.0,63337,0.055402055670461185,0.006646983595686566
2011,Trinity,ICD-9,1038.0,154.0,14.8,27311.0,13685,0.07584947022287175,0.011253196930946292
2011,Tulare,ICD-9,23641.0,3258.0,13.8,31644.0,446709,0.052922596142007436,0.007293338616414713
2011,Tuolumne,ICD-9,4131.0,521.0,12.6,35841.0,54808,0.07537220843672457,0.009505911545759744
2011,Ventura,ICD-9,42145.0,5195.0,12.3,47868.0,829908,0.05078273736365958,0.006259729994168029
2011,Yolo,ICD-9,7620.0,904.0,11.9,42841.0,201931,0.0377356621816363,0.004476776720761052
2011,Yuba,ICD-9,4902.0,724.0,14.8,32320.0,72480,0.06763245033112583,0.00998896247240618
2012,Alameda,ICD-9,72083.0,10448.0,14.5,52296.0,1553729,0.046393547394687235,0.006724467394249576
2012,Alpine,ICD-9,10.0,0.0,0.0,56293.0,1111,0.009000900090009001,0.0
2012,Amador,ICD-9,2775.0,411.0,14.8,35633.0,37105,0.07478776445223016,0.011076674302654629
2012,Butte,ICD-9,20895.0,3279.0,15.7,34536.0,220877,0.09460016208115829,0.01484536642565772
2012,Calaveras,ICD-9,3218.0,432.0,13.4,37399.0,44816,0.07180471260264192,0.009639414494823277
2012,Colusa,ICD-9,1125.0,179.0,15.9,36669.0,21274,0.05288145153708752,0.00841402651123437
2012,Contra Costa,ICD-9,55974.0,7733.0,13.8,61059.0,1077439,0.05195096891796194,0.007177204463547356
2012,Del Norte,ICD-9,1411.0,168.0,11.9,28596.0,28195,0.0500443341017911,0.0059585032807235325
2012,El Dorado,ICD-9,9993.0,1350.0,13.5,52415.0,180613,0.0553282432604519,0.007474545021676181
2012,Fresno,ICD-9,48216.0,6769.0,14.0,33288.0,944779,0.051034157194433834,0.007164638502760963
2012,Glenn,ICD-9,1772.0,245.0,13.8,34953.0,27836,0.06365857163385544,0.00880155194711884
2012,Humboldt,ICD-9,7180.0,743.0,10.3,36182.0,134597,0.05334442818190598,0.005520182470634561
2012,Imperial,ICD-9,8957.0,1339.0,14.9,31428.0,176487,0.050751613433284035,0.007586961079286293
2012,Inyo,ICD-9,787.0,61.0,7.8,45319.0,18344,0.04290231138246838,0.0033253379851722635
2012,Kern,ICD-9,43650.0,5926.0,13.6,33731.0,854392,0.051088961507130215,0.006935926366351745
2012,Kings,ICD-9,6903.0,911.0,13.2,28626.0,150884,0.045750377773653934,0.006037750854961427
2012,Lake,ICD-9,5559.0,800.0,14.4,32005.0,63966,0.08690554357002157,0.012506644154707189
2012,Lassen,ICD-9,1081.0,138.0,12.8,28086.0,33622,0.03215156742609006,0.004104455416096603
2012,Los Angeles,ICD-9,517164.0,79235.0,15.3,48075.0,9931394,0.05207365652797583,0.007978235482350212
2012,Madera,ICD-9,6823.0,806.0,11.8,30904.0,151520,0.04503035902851109,0.005319429778247096
2012,Marin,ICD-9,11917.0,1354.0,11.4,94993.0,256087,0.04653496663243351,0.005287265655812282
2012,Mariposa,ICD-9,1097.0,111.0,10.1,37665.0,17912,0.061243858865564986,0.006196962929879411
2012,Mendocino,ICD-9,5333.0,648.0,12.2,37262.0,87293,0.061093100248588085,0.007423275634930636
2012,Merced,ICD-9,11481.0,1635.0,14.2,30248.0,260776,0.04402629076295365,0.006269748749884959
2012,Modoc,ICD-9,413.0,46.0,11.1,36311.0,9358,0.04413336182945074,0.004915580252190639
2012,Mono,ICD-9,248.0,23.0,9.3,40329.0,14328,0.017308766052484645,0.0016052484645449469
2012,Monterey,ICD-9,17916.0,1916.0,10.7,42873.0,424222,0.042232604626822746,0.004516503151651729
2012,Napa,ICD-9,8202.0,1153.0,14.1,52821.0,138504,0.05921850632472708,0.008324669323629642
2012,Nevada,ICD-9,5879.0,717.0,12.2,48696.0,98165,0.05988896246116233,0.007304028930881679
2012,Orange,ICD-9,137256.0,18165.0,13.2,54321.0,3078710,0.044582308824150374,0.0059001984597445035
2012,Placer,ICD-9,18788.0,2238.0,11.9,52292.0,360269,0.052149921308799814,0.006212024903613688
2012,Plumas,ICD-9,870.0,100.0,11.5,39094.0,19380,0.04489164086687306,0.005159958720330237
2012,Riverside,ICD-9,110558.0,14965.0,13.5,32828.0,2260763,0.04890295886831127,0.006619446620455129
2012,Sacramento,ICD-9,74683.0,10124.0,13.6,40623.0,1444819,0.051690211715100645,0.007007106080415609
2012,San Benito,ICD-9,2595.0,314.0,12.1,37878.0,56704,0.04576396726862302,0.005537528216704289
2012,San Bernardino,ICD-9,104267.0,14826.0,14.2,31261.0,2073088,0.05029550120400099,0.007151650098789824
2012,San Diego,ICD-9,154878.0,20519.0,13.2,47700.0,3175148,0.04877819868554159,0.006462375927043401
2012,San Joaquin,ICD-9,34783.0,4833.0,13.9,33631.0,699444,0.049729499430976605,0.0069097740491018585
2012,San Luis Obispo,ICD-9,13129.0,1416.0,10.8,43666.0,274174,0.04788564925922954,0.005164603499967174
2012,San Mateo,ICD-9,29701.0,3652.0,12.3,86408.0,739700,0.04015276463431121,0.004937136677031229
2012,Santa Barbara,ICD-9,18375.0,1956.0,10.6,49987.0,429635,0.04276886194094988,0.004552701711918256
2012,Santa Clara,ICD-9,67166.0,8898.0,13.2,71690.0,1837605,0.03655083655083655,0.004842172284032749
2012,Santa Cruz,ICD-9,11000.0,1236.0,11.2,51725.0,266391,0.04129268631447759,0.004639796389517664
2012,Shasta,ICD-9,13926.0,1615.0,11.6,35512.0,177908,0.07827641252782337,0.009077725566022888
2012,Sierra,ICD-9,127.0,18.0,14.2,35047.0,3068,0.04139504563233377,0.005867014341590613
2012,Siskiyou,ICD-9,2351.0,189.0,8.0,33571.0,44091,0.05332153954321744,0.004286589099816289
2012,Solano,ICD-9,20450.0,2812.0,13.8,38975.0,419645,0.04873166605106697,0.006700901952841092
2012,Sonoma,ICD-9,22853.0,2637.0,11.5,46251.0,489784,0.04665934371069696,0.00538400601081293
2012,Stanislaus,ICD-9,30191.0,4083.0,13.5,33794.0,520336,0.058022124165923554,0.007846852802804342
2012,Sutter,ICD-9,6078.0,766.0,12.6,34985.0,94153,0.0645545017152932,0.008135694029930007
2012,Tehama,ICD-9,3494.0,458.0,13.1,31293.0,63213,0.05527344058975211,0.007245345103064243
2012,Trinity,ICD-9,945.0,124.0,13.1,26857.0,13494,0.07003112494441974,0.00918926930487624
2012,Tulare,ICD-9,22013.0,2974.0,13.5,31434.0,449625,0.04895857659160412,0.006614400889630247
2012,Tuolumne,ICD-9,4012.0,503.0,12.5,36606.0,54201,0.07402077452445527,0.009280271581705135
2012,Ventura,ICD-9,40670.0,4831.0,11.9,49592.0,833287,0.04880671365327912,0.005797522342242229
2012,Yolo,ICD-9,7462.0,945.0,12.7,43527.0,204558,0.03647865153159495,0.004619716657378347
2012,Yuba,ICD-9,4898.0,685.0,14.0,32564.0,72770,0.06730795657551189,0.009413219733406624
2013,Alameda,ICD-9,67673.0,9761.0,14.4,54131.0,1579508,0.04284435406468343,0.0061797724354672465
2013,Alpine,ICD-9,9.0,0.0,0.0,54549.0,1131,0.007957559681697613,0.0
2013,Amador,ICD-9,2616.0,357.0,13.6,36375.0,36624,0.07142857142857142,0.00974770642201835
2013,Butte,ICD-9,21019.0,3383.0,16.1,35368.0,221649,0.0948301142797847,0.015262870574647303
2013,Calaveras,ICD-9,3160.0,418.0,13.2,37734.0,44658,0.07075999820860764,0.009360025079493036
2013,Colusa,ICD-9,1054.0,128.0,12.1,39501.0,21239,0.04962568859174161,0.0060266490889401576
2013,Contra Costa,ICD-9,54166.0,7369.0,13.6,60387.0,1093253,0.04954571357224723,0.006740434281909128
2013,Del Norte,ICD-9,1424.0,193.0,13.6,29550.0,27821,0.05118435714028971,0.006937205707918479
2013,El Dorado,ICD-9,9982.0,1288.0,12.9,53830.0,181529,0.05498845914426896,0.007095285050873414
2013,Fresno,ICD-9,48385.0,6770.0,14.0,34426.0,951143,0.050870373855456015,0.007117752009950133
2013,Glenn,ICD-9,1695.0,238.0,14.0,37911.0,27784,0.061006334581053846,0.00856608119781169
2013,Humboldt,ICD-9,7185.0,754.0,10.5,36739.0,134447,0.05344113293714252,0.005608157861462138
2013,Imperial,ICD-9,8325.0,1189.0,14.3,32627.0,176301,0.04722037878401143,0.006744147792695447
2013,Inyo,ICD-9,722.0,34.0,4.7,45780.0,18348,0.03935033791148899,0.001853063004142141
2013,Kern,ICD-9,41048.0,5473.0,13.3,34301.0,862727,0.04757936172161066,0.0063438376218664765
2013,Kings,ICD-9,6558.0,922.0,14.1,29642.0,150237,0.04365103137043471,0.006136970253665874
2013,Lake,ICD-9,5456.0,802.0,14.7,32632.0,63811,0.08550249956903982,0.012568365955712965
2013,Lassen,ICD-9,988.0,91.0,9.2,28498.0,32128,0.03075199203187251,0.0028324203187250997
2013,Los Angeles,ICD-9,495144.0,73527.0,14.8,47541.0,9987189,0.04957791426596613,0.0073621316268271285
2013,Madera,ICD-9,6855.0,874.0,12.7,32072.0,151295,0.04530883373541756,0.005776793681218811
2013,Marin,ICD-9,11477.0,1220.0,10.6,95473.0,258440,0.04440876025383068,0.004720631481194861
2013,Mariposa,ICD-9,1016.0,106.0,10.4,38320.0,17840,0.056950672645739914,0.00594170403587444
2013,Mendocino,ICD-9,5355.0,612.0,11.4,37882.0,87070,0.061502239577351556,0.007028827380268749
2013,Merced,ICD-9,11581.0,1614.0,13.9,31492.0,261887,0.044221362648776,0.006162963415518907
2013,Modoc,ICD-9,365.0,41.0,11.2,37643.0,9154,0.03987327944068167,0.004478916320734105
2013,Mono,ICD-9,249.0,15.0,6.0,41157.0,14064,0.017704778156996587,0.0010665529010238908
2013,Monterey,ICD-9,17588.0,2002.0,11.4,44355.0,426163,0.04127059364609316,0.004697733027034257
2013,Napa,ICD-9,7829.0,1068.0,13.6,54298.0,139522,0.0561130144349995,0.007654706784593111
2013,Nevada,ICD-9,5831.0,774.0,13.3,49191.0,97969,0.059518827384172544,0.007900458308240361
2013,Orange,ICD-9,133419.0,17189.0,12.9,53545.0,3105262,0.042965456698983856,0.005535442742029497
2013,Placer,ICD-9,18470.0,2139.0,11.6,52942.0,365415,0.05054527044593134,0.005853618488567793
2013,Plumas,ICD-9,828.0,92.0,11.1,40346.0,18901,0.043807205967938204,0.004867467329770911
2013,Riverside,ICD-9,110940.0,14914.0,13.4,33565.0,2286087,0.048528336848072715,0.006523811211034401
2013,Sacramento,ICD-9,77051.0,10602.0,13.8,41581.0,1457283,0.05287305211136066,0.007275182651550865
2013,San Benito,ICD-9,2616.0,335.0,12.8,39293.0,57320,0.04563852058618283,0.0058443824145150034
2013,San Bernardino,ICD-9,104088.0,14890.0,14.3,31889.0,2082101,0.049991811156135074,0.007151430214000185
2013,San Diego,ICD-9,152109.0,19775.0,13.0,48645.0,3210788,0.04737435171677482,0.006158924226700735
2013,San Joaquin,ICD-9,34379.0,4705.0,13.7,34791.0,701831,0.04898472709241968,0.006703893102470538
2013,San Luis Obispo,ICD-9,12778.0,1335.0,10.4,44771.0,275713,0.046345293838157796,0.004841991491152031
2013,San Mateo,ICD-9,29190.0,3583.0,12.3,85557.0,749131,0.038965147617706385,0.004782875091272421
2013,Santa Barbara,ICD-9,18594.0,1995.0,10.7,49091.0,434503,0.042793720641744706,0.00459145276327206
2013,Santa Clara,ICD-9,67810.0,8985.0,13.3,71593.0,1866050,0.03633879049328796,0.004814983521341872
2013,Santa Cruz,ICD-9,10453.0,1058.0,10.1,52252.0,268836,0.03888244133970153,0.003935484830900624
2013,Shasta,ICD-9,13737.0,1449.0,10.5,35799.0,178447,0.07698084024948584,0.008120058056453737
2013,Sierra,ICD-9,94.0,9.0,9.6,35366.0,3031,0.031012867040580667,0.0029693170570768723
2013,Siskiyou,ICD-9,2459.0,249.0,10.1,34302.0,43550,0.0564638346727899,0.005717566016073479
2013,Solano,ICD-9,20395.0,2736.0,13.4,40025.0,423634,0.048142972471520225,0.0064584051327325
2013,Sonoma,ICD-9,22136.0,2515.0,11.4,47527.0,493870,0.04482151173385709,0.005092433231417175
2013,Stanislaus,ICD-9,29926.0,4109.0,13.7,34382.0,523313,0.057185661353721384,0.007851897430409717
2013,Sutter,ICD-9,6109.0,802.0,13.1,36468.0,94457,0.06467493145028955,0.008490635950750077
2013,Tehama,ICD-9,3460.0,445.0,12.9,31594.0,62878,0.05502719552148605,0.007077197111867425
2013,Trinity,ICD-9,931.0,125.0,13.4,26688.0,13427,0.06933790124376257,0.00930960005958144
2013,Tulare,ICD-9,20826.0,2686.0,12.9,32017.0,452259,0.04604883484905773,0.005939074733725586
2013,Tuolumne,ICD-9,4050.0,530.0,13.1,36116.0,53975,0.07503473830477073,0.009819360815192218
2013,Ventura,ICD-9,38847.0,4814.0,12.4,49787.0,837729,0.046371798039700186,0.005746488422867061
2013,Yolo,ICD-9,7225.0,904.0,12.5,44581.0,206267,0.03502741592208158,0.004382669064852836
2013,Yuba,ICD-9,4804.0,683.0,14.2,33459.0,73082,0.06573438055882433,0.009345666511589721
2014,Alameda,ICD-9,65219.0,9398.0,14.4,57009.0,1607638,0.04056821249559913,0.005845843405045166
2014,Alpine,ICD-9,11.0,0.0,0.0,61368.0,1083,0.010156971375807941,0.0
2014,Amador,ICD-9,2599.0,319.0,12.3,37936.0,36734,0.07075189198018185,0.00868405292099962
2014,Butte,ICD-9,21081.0,3558.0,16.9,36603.0,223525,0.09431159825522872,0.01591768258584051
2014,Calaveras,ICD-9,2901.0,387.0,13.3,39733.0,44677,0.06493273944087562,0.008662175168431183
2014,Colusa,ICD-9,1039.0,144.0,13.9,34844.0,21156,0.04911136320665532,0.006806579693703914
2014,Contra Costa,ICD-9,52940.0,7257.0,13.7,62381.0,1108665,0.0477511240997055,0.006545710381404663
2014,Del Norte,ICD-9,1352.0,162.0,12.0,31479.0,27182,0.04973879773379442,0.00595982635567655
2014,El Dorado,ICD-9,9331.0,1102.0,11.8,56210.0,183157,0.05094536381355886,0.0060166960585727
2014,Fresno,ICD-9,46943.0,6283.0,13.4,36385.0,960072,0.04889529118649435,0.006544300844103359
2014,Glenn,ICD-9,1898.0,272.0,14.3,36446.0,27802,0.06826846989425221,0.00978346881519315
2014,Humboldt,ICD-9,7543.0,821.0,10.9,38324.0,134556,0.05605844406789738,0.00610154879752668
2014,Imperial,ICD-9,7519.0,1046.0,13.9,33758.0,177786,0.04229241897562238,0.005883477889147627
2014,Inyo,ICD-9,834.0,64.0,7.7,48579.0,18280,0.04562363238512035,0.00350109409190372
2014,Kern,ICD-9,40730.0,5474.0,13.4,36164.0,869837,0.046824864888479104,0.006293133081255454
2014,Kings,ICD-9,6126.0,761.0,12.4,32810.0,149373,0.041011427768070534,0.005094628882060345
2014,Lake,ICD-9,5053.0,771.0,15.3,34201.0,64056,0.07888410141126515,0.012036343199700263
2014,Lassen,ICD-9,1028.0,129.0,12.5,29488.0,31664,0.03246589186457807,0.004074027286508338
2014,Los Angeles,ICD-9,489218.0,72658.0,14.9,50052.0,10033449,0.048758707000952514,0.007241577646928788
2014,Madera,ICD-9,6780.0,835.0,12.3,33801.0,153357,0.04421056749936423,0.005444811779051494
2014,Marin,ICD-9,10679.0,1167.0,10.9,102032.0,260403,0.04100951217919917,0.004481515189917167
2014,Mariposa,ICD-9,1089.0,147.0,13.5,40809.0,17745,0.061369399830938295,0.008284023668639054
2014,Mendocino,ICD-9,5164.0,590.0,11.4,40074.0,87247,0.05918828154549727,0.00676241016883102
2014,Merced,ICD-9,11433.0,1530.0,13.4,34240.0,264241,0.04326732036285058,0.005790168823157648
2014,Modoc,ICD-9,322.0,25.0,7.8,40683.0,9078,0.035470367922449876,0.0027539105529852392
2014,Mono,ICD-9,270.0,33.0,12.2,42683.0,14130,0.01910828025477707,0.002335456475583864
2014,Monterey,ICD-9,16384.0,1666.0,10.2,46374.0,427985,0.03828171548068274,0.0038926597894786033
2014,Napa,ICD-9,7288.0,932.0,12.8,58241.0,140331,0.05193435520305563,0.006641440594024129
2014,Nevada,ICD-9,5736.0,711.0,12.4,51373.0,98605,0.05817149231783378,0.0072105876983925765
2014,Orange,ICD-9,130679.0,16685.0,12.8,55461.0,3126523,0.0417969098580116,0.005336599155035802
2014,Placer,ICD-9,17446.0,1973.0,11.3,55204.0,369241,0.04724827416240342,0.005343393610135386
2014,Plumas,ICD-9,854.0,120.0,14.1,42932.0,18631,0.04583758252375074,0.006440878106381837
2014,Riverside,ICD-9,111062.0,14744.0,13.3,34786.0,2315238,0.0479700143138632,0.0063682437831445405
2014,Sacramento,ICD-9,78028.0,10662.0,13.7,43469.0,1474828,0.0529065084199649,0.007229317588220457
2014,San Benito,ICD-9,2594.0,325.0,12.5,40388.0,57891,0.044808346720561054,0.005613998721735676
2014,San Bernardino,ICD-9,101796.0,14251.0,14.0,33381.0,2098346,0.04851249507945782,0.006791539622159549
2014,San Diego,ICD-9,150420.0,19696.0,13.1,50915.0,3249307,0.046292948003989774,0.006061600211983663
2014,San Joaquin,ICD-9,36070.0,4990.0,13.8,36290.0,711296,0.05071025283426309,0.007015363505488573
2014,San Luis Obispo,ICD-9,12268.0,1316.0,10.7,47054.0,278271,0.04408651997513215,0.004729202827459563
2014,San Mateo,ICD-9,27209.0,3434.0,12.6,90760.0,757653,0.035912218390212934,0.004532417874673498
2014,Santa Barbara,ICD-9,18621.0,1965.0,10.6,51447.0,438921,0.04242449096762287,0.004476887640372641
2014,Santa Clara,ICD-9,65778.0,8641.0,13.1,77059.0,1891286,0.03477950981501476,0.0045688489207872315
2014,Santa Cruz,ICD-9,10498.0,1078.0,10.3,54072.0,270863,0.03875760070589191,0.003979871743279813
2014,Shasta,ICD-9,13566.0,1462.0,10.8,37909.0,178904,0.0758283772302464,0.008171980503510262
2014,Sierra,ICD-9,127.0,10.0,7.9,37111.0,2976,0.042674731182795696,0.003360215053763441
2014,Siskiyou,ICD-9,2143.0,203.0,9.5,36561.0,43357,0.04942685148880227,0.0046820582604885025
2014,Solano,ICD-9,19610.0,2685.0,13.7,41195.0,428971,0.04571404593783729,0.006259164372416783
2014,Sonoma,ICD-9,21862.0,2540.0,11.6,49836.0,498317,0.04387167204811395,0.005097157030564881
2014,Stanislaus,ICD-9,30096.0,4036.0,13.4,36753.0,527814,0.05702008662142346,0.007646633094233954
2014,Sutter,ICD-9,5555.0,724.0,13.0,36688.0,94721,0.058645918011845315,0.007643500385342216
2014,Tehama,ICD-9,3368.0,420.0,12.5,33917.0,62797,0.053633135340860234,0.006688217590012262
2014,Trinity,ICD-9,889.0,122.0,13.7,28420.0,13126,0.06772817309157397,0.009294529940575957
2014,Tulare,ICD-9,20841.0,2622.0,12.6,34983.0,454858,0.04581869506527312,0.005764436373549548
2014,Tuolumne,ICD-9,3973.0,505.0,12.7,38181.0,53830,0.07380642764257848,0.009381385844324725
2014,Ventura,ICD-9,38377.0,4630.0,12.1,51943.0,842113,0.04557226880478036,0.0054980744864406555
2014,Yolo,ICD-9,7365.0,829.0,11.3,46763.0,208368,0.035346118405897256,0.0039785379712815785
2014,Yuba,ICD-9,4585.0,707.0,15.4,34303.0,73527,0.06235804534388728,0.009615515388904755
2015,Alameda,ICD-9,49269.0,6917.0,14.04,61618.0,1634326,0.03014637226599834,0.004232325741620704
2015,Alpine,ICD-9,9.0,0.0,0.0,63924.0,1080,0.008333333333333333,0.0
2015,Amador,ICD-9,2124.0,282.0,13.28,39764.0,37039,0.05734496071708199,0.007613596479386592
2015,Butte,ICD-9,16661.0,2907.0,17.45,39352.0,224643,0.07416656650774785,0.012940532311267211
2015,Calaveras,ICD-9,2174.0,269.0,12.37,42659.0,44972,0.04834119007382371,0.005981499599750956
2015,Colusa,ICD-9,757.0,83.0,10.96,39272.0,21208,0.03569407770652584,0.003913617502829121
2015,Contra Costa,ICD-9,41392.0,5752.0,13.9,67056.0,1124148,0.03682077448876838,0.005116763984813388
2015,Del Norte,ICD-9,889.0,94.0,10.57,33072.0,27198,0.03268622692845062,0.003456136480623575
2015,El Dorado,ICD-9,7038.0,809.0,11.49,58818.0,184627,0.03812010161027369,0.004381807644602361
2015,Fresno,ICD-9,36503.0,5072.0,13.89,38296.0,968889,0.0376751103583589,0.005234861784992915
2015,Glenn,ICD-9,1401.0,162.0,11.56,38924.0,27723,0.050535656314251706,0.0058435234282004115
2015,Humboldt,ICD-9,5666.0,568.0,10.02,40594.0,135177,0.04191541460455551,0.004201898251921555
2015,Imperial,ICD-9,5769.0,779.0,13.5,36121.0,178701,0.03228297547299679,0.004359236937678021
2015,Inyo,ICD-9,637.0,60.0,9.42,50961.0,18097,0.035199204288003536,0.0033154666519312594
2015,Kern,ICD-9,30391.0,3770.0,12.4,36532.0,876548,0.03467123306424748,0.004300962411642032
2015,Kings,ICD-9,4683.0,606.0,12.94,32733.0,149960,0.031228327554014404,0.004041077620698853
2015,Lake,ICD-9,3891.0,520.0,13.36,35796.0,64266,0.06054523387172066,0.008091370242429901
2015,Lassen,ICD-9,751.0,78.0,10.39,31092.0,31256,0.024027386741745586,0.002495520859994881
2015,Los Angeles,ICD-9,374849.0,55914.0,14.92,53067.0,10077263,0.0371975009484222,0.005548530389650444
2015,Madera,ICD-9,5174.0,656.0,12.68,34323.0,153448,0.03371826286429279,0.004275063865283354
2015,Marin,ICD-9,8072.0,878.0,10.88,109274.0,260974,0.030930284242874768,0.003364319817299808
2015,Mariposa,ICD-9,854.0,113.0,13.23,43701.0,17653,0.048377046394380556,0.00640117826998244
2015,Mendocino,ICD-9,3816.0,460.0,12.05,41701.0,87131,0.043796123079041904,0.005279406870115114
2015,Merced,ICD-9,9474.0,1274.0,13.45,35167.0,266133,0.03559874198239226,0.004787080144138457
2015,Modoc,ICD-9,265.0,24.0,9.06,42461.0,9064,0.029236540158870256,0.00264783759929391
2015,Mono,ICD-9,193.0,11.0,5.7,44056.0,14074,0.013713230069631946,0.0007815830609634787
2015,Monterey,ICD-9,12919.0,1353.0,10.47,49757.0,430178,0.030031754297058427,0.0031452096573976354
2015,Napa,ICD-9,5362.0,697.0,13.0,62781.0,140766,0.0380915846156032,0.0049514797607376785
2015,Nevada,ICD-9,4384.0,570.0,13.0,53134.0,98716,0.044410227318773046,0.005774139957048503
2015,Orange,ICD-9,100168.0,12602.0,12.58,59242.0,3148952,0.031809948198638784,0.004001966368493391
2015,Placer,ICD-9,12961.0,1452.0,11.2,58519.0,372870,0.034760104057714486,0.0038941185936117147
2015,Plumas,ICD-9,694.0,67.0,9.65,44091.0,18435,0.0376457824789802,0.003634391103878492
2015,Riverside,ICD-9,86333.0,11733.0,13.59,36590.0,2344648,0.03682130537291738,0.00500416267175286
2015,Sacramento,ICD-9,59197.0,8068.0,13.63,45866.0,1493547,0.03963517719897666,0.005401905664836794
2015,San Benito,ICD-9,1935.0,231.0,11.94,44028.0,58276,0.033204063422335096,0.003963895943441554
2015,San Bernardino,ICD-9,75949.0,10305.0,13.57,35179.0,2114352,0.03592069816189546,0.004873833685214194
2015,San Diego,ICD-9,115410.0,15086.0,13.07,53357.0,3280825,0.035177127704159775,0.004598233675980889
2015,San Joaquin,ICD-9,26778.0,3453.0,12.89,38463.0,721919,0.03709280404034248,0.004783085082952519
2015,San Luis Obispo,ICD-9,9677.0,1020.0,10.54,49914.0,280138,0.034543689181760415,0.0036410626191377107
2015,San Mateo,ICD-9,21159.0,2730.0,12.9,99076.0,765479,0.027641515965820096,0.0035663943752865853
2015,Santa Barbara,ICD-9,14130.0,1574.0,11.14,54318.0,442051,0.03196463756444392,0.003560675125720788
2015,Santa Clara,ICD-9,51175.0,6733.0,13.16,83773.0,1915736,0.026712970889517136,0.003514576121135689
2015,Santa Cruz,ICD-9,8197.0,885.0,10.8,56902.0,273495,0.029971297464304648,0.0032358909669280974
2015,Shasta,ICD-9,10130.0,1031.0,10.18,40252.0,178386,0.05678696758714249,0.005779601538237306
2015,Sierra,ICD-9,85.0,5.0,5.88,36501.0,2990,0.028428093645484948,0.0016722408026755853
2015,Siskiyou,ICD-9,1724.0,168.0,9.74,39585.0,43275,0.039838243789716926,0.003882149046793761
2015,Solano,ICD-9,14646.0,1964.0,13.41,43597.0,433378,0.033794978056108066,0.0045318405641264665
2015,Sonoma,ICD-9,17382.0,2014.0,11.59,53594.0,500598,0.0347224719235794,0.004023188266832868
2015,Stanislaus,ICD-9,23119.0,3075.0,13.3,39006.0,532954,0.04337897829831468,0.005769728719551781
2015,Sutter,ICD-9,4325.0,544.0,12.58,39130.0,95224,0.04541922204486264,0.005712845501134168
2015,Tehama,ICD-9,2602.0,325.0,12.49,35500.0,63150,0.041203483768804436,0.005146476642913698
2015,Trinity,ICD-9,709.0,100.0,14.1,29552.0,13094,0.05414693752863907,0.0076370856881014205
2015,Tulare,ICD-9,16424.0,2243.0,13.66,35556.0,456794,0.03595493811214683,0.004910309680074607
2015,Tuolumne,ICD-9,3144.0,410.0,13.04,40912.0,53599,0.05865781078005187,0.007649396443963507
2015,Ventura,ICD-9,30175.0,3862.0,12.8,54241.0,845599,0.03568476310875486,0.0045671766404643335
2015,Yolo,ICD-9,5852.0,726.0,12.41,49027.0,211998,0.027604034000320757,0.0034245606090623497
2015,Yuba,ICD-9,3521.0,527.0,14.97,36587.0,74039,0.04755601777441618,0.007117870311592539
2016,Alameda,ICD-10,65203.0,9759.0,14.97,65215.0,1650765,0.039498656683416476,0.005911804526992031
2016,Alpine,ICD-10,21.0,1.0,4.76,70376.0,1053,0.019943019943019943,0.000949667616334283
2016,Amador,ICD-10,2814.0,390.0,13.86,40310.0,37443,0.07515423443634324,0.010415832064738402
2016,Butte,ICD-10,22675.0,4041.0,17.82,40662.0,226222,0.10023339905049022,0.017862984148314488
2016,Calaveras,ICD-10,2868.0,400.0,13.95,44010.0,45307,0.06330147659302095,0.008828657823294414
2016,Colusa,ICD-10,971.0,121.0,12.46,41196.0,21476,0.04521326131495623,0.005634196312162414
2016,Contra Costa,ICD-10,52750.0,7662.0,14.53,70261.0,1137259,0.04638345354927945,0.0067372515847313585
2016,Del Norte,ICD-10,1238.0,125.0,10.1,34105.0,27415,0.045157760350173264,0.004559547692868867
2016,El Dorado,ICD-10,10298.0,1418.0,13.77,62076.0,186027,0.055357555623646026,0.007622549414869884
2016,Fresno,ICD-10,50589.0,8296.0,16.4,39072.0,976231,0.051820726856655855,0.008497988693249857
2016,Glenn,ICD-10,1935.0,281.0,14.52,40126.0,27796,0.06961433299755361,0.010109368254425098
2016,Humboldt,ICD-10,7804.0,937.0,12.01,41584.0,136477,0.057181796200092325,0.006865625709826564
2016,Imperial,ICD-10,7981.0,1198.0,15.01,35252.0,179881,0.04436822121291298,0.006659958528138047
2016,Inyo,ICD-10,757.0,77.0,10.17,54731.0,17897,0.04229759177515785,0.0043023970497848806
2016,Kern,ICD-10,41749.0,5561.0,13.32,36168.0,881094,0.047383139596910206,0.006311471874737542
2016,Kings,ICD-10,6718.0,1030.0,15.33,34161.0,149269,0.0450059958866208,0.006900294099913579
2016,Lake,ICD-10,5375.0,845.0,15.72,36651.0,63912,0.08410001251721116,0.01322130429340343
2016,Lassen,ICD-10,856.0,96.0,11.21,32336.0,30715,0.027869119322806446,0.0031255087090997884
2016,Los Angeles,ICD-10,493868.0,77874.0,15.77,54750.0,10094865,0.04892269485525562,0.007714219060878972
2016,Madera,ICD-10,6997.0,1059.0,15.14,35931.0,153694,0.045525524743971785,0.006890314521061329
2016,Marin,ICD-10,11232.0,1321.0,11.76,113226.0,260721,0.04308053436432048,0.005066718829706851
2016,Mariposa,ICD-10,1117.0,154.0,13.79,46915.0,17498,0.06383586695622356,0.008801005829237627
2016,Mendocino,ICD-10,5158.0,666.0,12.91,42497.0,87319,0.05907076352225747,0.007627205991823085
2016,Merced,ICD-10,13467.0,2087.0,15.5,35626.0,267370,0.05036840333620077,0.007805662564984853
2016,Modoc,ICD-10,314.0,29.0,9.24,43145.0,8957,0.035056380484537235,0.0032376911912470694
2016,Mono,ICD-10,308.0,31.0,10.06,45291.0,14256,0.021604938271604937,0.0021745230078563413
2016,Monterey,ICD-10,17789.0,2066.0,11.61,50839.0,433436,0.041041814708515215,0.004766562998920256
2016,Napa,ICD-10,7363.0,1002.0,13.61,66405.0,140778,0.05230220631064513,0.007117589396070409
2016,Nevada,ICD-10,5671.0,807.0,14.23,55382.0,98939,0.057318145524009746,0.00815654089893773
2016,Orange,ICD-10,133527.0,17983.0,13.47,61188.0,3164277,0.04219826519612537,0.005683130775213422
2016,Placer,ICD-10,18698.0,2180.0,11.66,60591.0,379046,0.04932910517456984,0.005751280847179498
2016,Plumas,ICD-10,907.0,107.0,11.8,44612.0,18691,0.04852602856989995,0.005724680327430314
2016,Riverside,ICD-10,113451.0,16431.0,14.48,38050.0,2378282,0.04770292168884935,0.0069087685985093445
2016,Sacramento,ICD-10,77797.0,11095.0,14.26,46904.0,1511401,0.05147343425073822,0.007340871151997385
2016,San Benito,ICD-10,2505.0,306.0,12.22,46235.0,59270,0.04226421461110174,0.005162814239919014
2016,San Bernardino,ICD-10,104398.0,15630.0,14.97,36422.0,2130726,0.0489964453430427,0.007335527890493663
2016,San Diego,ICD-10,151703.0,20891.0,13.77,55074.0,3305462,0.045894643471926164,0.006320145262598693
2016,San Joaquin,ICD-10,36298.0,5369.0,14.79,39777.0,732662,0.049542626750124885,0.007328072153325817
2016,San Luis Obispo,ICD-10,12941.0,1502.0,11.61,51118.0,281884,0.04590895545685459,0.005328432972428375
2016,San Mateo,ICD-10,27003.0,3461.0,12.82,103798.0,767928,0.03516345282370222,0.004506932941629944
2016,Santa Barbara,ICD-10,19086.0,2236.0,11.72,54873.0,444112,0.04297564578304572,0.005034766004971719
2016,Santa Clara,ICD-10,68322.0,9691.0,14.18,90105.0,1928144,0.03543407546324341,0.0050260768905227
2016,Santa Cruz,ICD-10,10584.0,1171.0,11.06,58504.0,274476,0.03856074848074149,0.004266311080021568
2016,Shasta,ICD-10,14114.0,1675.0,11.87,41305.0,178592,0.07902929582512094,0.009378919548468017
2016,Sierra,ICD-10,132.0,15.0,11.36,37831.0,2956,0.044654939106901215,0.005074424898511502
2016,Siskiyou,ICD-10,2269.0,233.0,10.27,40621.0,43402,0.05227869683424727,0.00536841620201834
2016,Solano,ICD-10,21124.0,3069.0,14.53,45447.0,438834,0.04813665303964597,0.006993532862084524
2016,Sonoma,ICD-10,23675.0,2898.0,12.24,55513.0,502445,0.04711958522823394,0.0057677954801023
2016,Stanislaus,ICD-10,30756.0,4167.0,13.55,39780.0,538986,0.05706270663802028,0.007731184112388819
2016,Sutter,ICD-10,5796.0,816.0,14.08,39983.0,95769,0.06052062776054882,0.00852050245904207
2016,Tehama,ICD-10,3645.0,482.0,13.22,36008.0,63468,0.05743051616562677,0.007594378269364089
2016,Trinity,ICD-10,888.0,110.0,12.39,29722.0,12827,0.0692289701411086,0.008575660715677867
2016,Tulare,ICD-10,21561.0,3136.0,14.54,37125.0,458991,0.046974777283214704,0.006832377976910223
2016,Tuolumne,ICD-10,3887.0,582.0,14.97,42373.0,53729,0.07234454391483185,0.010832139068287144
2016,Ventura,ICD-10,40230.0,5489.0,13.64,55756.0,846921,0.04750147888646048,0.006481123977324922
2016,Yolo,ICD-10,8078.0,1083.0,13.41,49918.0,215569,0.0374729205034119,0.00502391345694418
2016,Yuba,ICD-10,4758.0,731.0,15.36,37593.0,74920,0.06350774159103044,0.009757074212493326
2017,Alameda,ICD-10,64950.0,9676.0,14.9,69258.0,1659824,0.03913065481641427,0.005829533733697067
2017,Alpine,ICD-10,9.0,0.0,0.0,68653.0,1116,0.008064516129032258,0.0
2017,Amador,ICD-10,2970.0,405.0,13.64,41237.0,38549,0.07704480012451685,0.010506109107888661
2017,Butte,ICD-10,23283.0,4406.0,18.92,41581.0,228700,0.10180585920419764,0.019265413205072145
2017,Calaveras,ICD-10,2997.0,399.0,13.31,45833.0,45658,0.06564019448946515,0.008738884751850716
2017,Colusa,ICD-10,988.0,124.0,12.55,41189.0,21558,0.045829854346414324,0.005751925039428518
2017,Contra Costa,ICD-10,53095.0,8016.0,15.1,74770.0,1145623,0.046345961978766136,0.006997066225101975
2017,Del Norte,ICD-10,1390.0,161.0,11.58,34350.0,27383,0.050761421319796954,0.00587956031114195
2017,El Dorado,ICD-10,10457.0,1457.0,13.93,63328.0,188793,0.05538870614906273,0.007717447151112594
2017,Fresno,ICD-10,49058.0,7239.0,14.76,39600.0,984726,0.04981893440408804,0.00735128350424382
2017,Glenn,ICD-10,1957.0,290.0,14.82,40428.0,27876,0.07020375950638542,0.010403214234466924
2017,Humboldt,ICD-10,7593.0,919.0,12.1,42818.0,136710,0.05554092604783849,0.006722258795991515
2017,Imperial,ICD-10,8276.0,1240.0,14.98,35585.0,181250,0.045660689655172414,0.006841379310344828
2017,Inyo,ICD-10,838.0,79.0,9.43,56308.0,17819,0.047028452775127676,0.004433469891688647
2017,Kern,ICD-10,41270.0,5728.0,13.88,36574.0,887316,0.0465110513052847,0.0064554228707698275
2017,Kings,ICD-10,6417.0,945.0,14.73,35395.0,149542,0.042911021652779824,0.0063192949138034795
2017,Lake,ICD-10,5354.0,853.0,15.93,38201.0,64132,0.08348406411775712,0.013300692322085698
2017,Lassen,ICD-10,831.0,69.0,8.3,32154.0,30919,0.026876677770949903,0.0022316375044471037
2017,Los Angeles,ICD-10,481784.0,75361.0,15.64,56635.0,10092365,0.04773747283218552,0.0074671298550934295
2017,Madera,ICD-10,6784.0,931.0,13.72,36871.0,155079,0.043745445869524564,0.006003391819653209
2017,Marin,ICD-10,11379.0,1412.0,12.41,119063.0,259975,0.04376959323011828,0.005431291470333686
2017,Mariposa,ICD-10,1184.0,167.0,14.1,49097.0,17461,0.0678082584044442,0.009564171582383598
2017,Mendocino,ICD-10,5348.0,681.0,12.73,43743.0,87690,0.06098756984832934,0.007765993841943209
2017,Merced,ICD-10,14017.0,2182.0,15.57,36405.0,270837,0.05175437624844464,0.008056506311914546
2017,Modoc,ICD-10,349.0,42.0,12.03,43305.0,8864,0.03937274368231047,0.00473826714801444
2017,Mono,ICD-10,280.0,22.0,7.86,51037.0,14333,0.019535338031117004,0.0015349194167306216
2017,Monterey,ICD-10,18362.0,2179.0,11.87,51861.0,433803,0.042327969147285746,0.00502301736041475
2017,Napa,ICD-10,7243.0,1000.0,13.81,68063.0,139818,0.05180305826145418,0.007152154944284713
2017,Nevada,ICD-10,5666.0,778.0,13.73,56004.0,99421,0.05698997193751823,0.007825308536425907
2017,Orange,ICD-10,132179.0,17820.0,13.48,63513.0,3174159,0.04164221137000383,0.005614085494772001
2017,Placer,ICD-10,19073.0,2178.0,11.42,62803.0,385348,0.049495520931729244,0.005652034005626083
2017,Plumas,ICD-10,840.0,97.0,11.55,45975.0,18680,0.044967880085653104,0.005192719486081371
2017,Riverside,ICD-10,111614.0,16334.0,14.63,39060.0,2413058,0.04625417209200939,0.006769004309055149
2017,Sacramento,ICD-10,80190.0,12074.0,15.06,48299.0,1527984,0.05248091603053435,0.007901915203300558
2017,San Benito,ICD-10,2464.0,320.0,12.99,48563.0,60190,0.040937032729689314,0.005316497757102509
2017,San Bernardino,ICD-10,104537.0,15991.0,15.3,37311.0,2149847,0.048625320778641457,0.007438203741940706
2017,San Diego,ICD-10,151905.0,20823.0,13.71,56969.0,3319019,0.04576804170147866,0.006273841758664232
2017,San Joaquin,ICD-10,37377.0,5636.0,15.08,40888.0,743286,0.05028616171971489,0.007582545615012256
2017,San Luis Obispo,ICD-10,13019.0,1469.0,11.28,53626.0,282473,0.04608936075306312,0.005200497038655022
2017,San Mateo,ICD-10,26998.0,3435.0,12.72,114013.0,768658,0.03512355299756199,0.004468827488948271
2017,Santa Barbara,ICD-10,19072.0,2351.0,12.33,57012.0,444998,0.042858619589301525,0.005283169811999155
2017,Santa Clara,ICD-10,70038.0,10082.0,14.4,97652.0,1932251,0.03624684370715813,0.005217748625825527
2017,Santa Cruz,ICD-10,10702.0,1323.0,12.36,62065.0,274865,0.03893547741618613,0.004813271969876121
2017,Shasta,ICD-10,14022.0,1647.0,11.75,42714.0,179403,0.0781592281065534,0.009180448487483487
2017,Sierra,ICD-10,96.0,7.0,7.29,38612.0,3008,0.031914893617021274,0.002327127659574468
2017,Siskiyou,ICD-10,2122.0,193.0,9.1,41411.0,43647,0.04861731619584393,0.004421838843448576
2017,Solano,ICD-10,20236.0,2951.0,14.58,46644.0,443554,0.04562240448739049,0.006653079444667391
2017,Sonoma,ICD-10,23479.0,3024.0,12.88,57858.0,502203,0.04675201064111525,0.006021469405798054
2017,Stanislaus,ICD-10,30327.0,4137.0,13.64,40592.0,544494,0.05569758344444567,0.007597879866444809
2017,Sutter,ICD-10,5639.0,734.0,13.02,40348.0,96161,0.058641237091960355,0.007633032102411581
2017,Tehama,ICD-10,3474.0,485.0,13.96,37997.0,63827,0.05442837670578282,0.007598665141711188
2017,Trinity,ICD-10,869.0,115.0,13.23,29747.0,12727,0.0682800345721694,0.009035907912312407
2017,Tulare,ICD-10,22274.0,3157.0,14.17,37983.0,462072,0.04820460880555411,0.006832268564206444
2017,Tuolumne,ICD-10,3730.0,493.0,13.22,43170.0,53953,0.06913424647378273,0.009137582710877987
2017,Ventura,ICD-10,39966.0,5535.0,13.85,57456.0,848264,0.04711504908849132,0.006525091245178388
2017,Yolo,ICD-10,8171.0,1134.0,13.88,50754.0,218470,0.03740101615782487,0.00519064402435117
2017,Yuba,ICD-10,4909.0,758.0,15.44,37776.0,76575,0.06410708455762325,0.00989879203395364
2018,Alameda,ICD-10,62646.0,9882.0,15.77,74193.0,1666596,0.03758919378181635,0.005929451408739731
2018,Alpine,ICD-10,18.0,2.0,11.11,74453.0,1081,0.016651248843663275,0.0018501387604070306
2018,Amador,ICD-10,2877.0,458.0,15.92,41827.0,39349,0.07311494574195024,0.011639431751759893
2018,Butte,ICD-10,23190.0,4151.0,17.9,42630.0,230330,0.10068163070377285,0.018021968480006947
2018,Calaveras,ICD-10,2941.0,411.0,13.97,47296.0,45747,0.06428836863619472,0.008984195684962948
2018,Colusa,ICD-10,1195.0,185.0,15.48,45624.0,21389,0.05586983963719669,0.008649305717892375
2018,Contra Costa,ICD-10,51183.0,7884.0,15.4,78504.0,1150840,0.04447447082131313,0.006850648222168155
2018,Del Norte,ICD-10,1416.0,178.0,12.57,35090.0,27793,0.050948080451912355,0.0064044903392940665
2018,El Dorado,ICD-10,10371.0,1434.0,13.83,66033.0,190925,0.05431975906769674,0.007510802671205971
2018,Fresno,ICD-10,48893.0,7348.0,15.03,40606.0,991298,0.04932220180006416,0.007412503606382743
2018,Glenn,ICD-10,2126.0,314.0,14.77,42536.0,27899,0.07620344815226353,0.01125488368758737
2018,Humboldt,ICD-10,7449.0,957.0,12.85,43823.0,136502,0.05457062900177287,0.007010886287380405
2018,Imperial,ICD-10,8453.0,1205.0,14.26,35217.0,181062,0.046685665683578,0.006655178888999348
2018,Inyo,ICD-10,852.0,79.0,9.27,54870.0,17894,0.047613725271040575,0.004414887671845311
2018,Kern,ICD-10,39488.0,5471.0,13.85,37557.0,893618,0.04418890398358135,0.006122302818430247
2018,Kings,ICD-10,6010.0,879.0,14.63,35042.0,151221,0.03974315736570979,0.005812684746166207
2018,Lake,ICD-10,5227.0,813.0,15.55,38998.0,64394,0.08117215889679162,0.012625399881976581
2018,Lassen,ICD-10,798.0,72.0,9.02,32629.0,30658,0.026029095179072346,0.0023484897905929935
2018,Los Angeles,ICD-10,475044.0,74910.0,15.77,59004.0,10061533,0.047213878839337906,0.007445187527586502
2018,Madera,ICD-10,7023.0,999.0,14.22,37414.0,156373,0.044911845395304816,0.006388570916974158
2018,Marin,ICD-10,10779.0,1365.0,12.66,128091.0,260091,0.041443187192175046,0.005248163142899985
2018,Mariposa,ICD-10,1069.0,139.0,13.0,51043.0,17361,0.061574794078682105,0.008006451241287944
2018,Mendocino,ICD-10,5400.0,795.0,14.72,45250.0,87549,0.061679745057053766,0.009080629133399581
2018,Merced,ICD-10,14124.0,2236.0,15.83,36820.0,273733,0.05159772479021528,0.008168543799980273
2018,Modoc,ICD-10,300.0,37.0,12.33,43751.0,8816,0.03402903811252268,0.004196914700544465
2018,Mono,ICD-10,296.0,31.0,10.47,49783.0,14400,0.020555555555555556,0.0021527777777777778
2018,Monterey,ICD-10,19247.0,2399.0,12.46,52346.0,433359,0.04441352319901052,0.005535825954924209
2018,Napa,ICD-10,6819.0,1059.0,15.53,69010.0,138620,0.04919203578127254,0.007639590246717645
2018,Nevada,ICD-10,5779.0,799.0,13.83,57335.0,99472,0.05809675084445874,0.008032411130770469
2018,Orange,ICD-10,130341.0,17385.0,13.34,66058.0,3175579,0.0410447984446301,0.005474592192478915
2018,Placer,ICD-10,18737.0,2199.0,11.74,64803.0,392735,0.04770901498465887,0.005599195386201892
2018,Plumas,ICD-10,970.0,125.0,12.89,47601.0,18830,0.05151354221986192,0.006638343069569836
2018,Riverside,ICD-10,112715.0,16709.0,14.82,40582.0,2443221,0.04613377177095318,0.006838922880901891
2018,Sacramento,ICD-10,77626.0,11686.0,15.05,50314.0,1539550,0.050421226981910296,0.007590529700237082
2018,San Benito,ICD-10,2487.0,349.0,14.03,50108.0,61415,0.04049499307986648,0.005682650818204022
2018,San Bernardino,ICD-10,104972.0,15905.0,15.15,38663.0,2165627,0.048471874427128955,0.007344293361691556
2018,San Diego,ICD-10,153864.0,21665.0,14.08,59014.0,3332483,0.04617097821654304,0.006501158445519452
2018,San Joaquin,ICD-10,36982.0,5533.0,14.96,42320.0,752590,0.04913963778418528,0.007351944617919452
2018,San Luis Obispo,ICD-10,12990.0,1587.0,12.22,55473.0,283250,0.04586054721977052,0.005602824360105913
2018,San Mateo,ICD-10,25690.0,3319.0,12.92,123303.0,768410,0.03343267266173006,0.004319308702385445
2018,Santa Barbara,ICD-10,18914.0,2242.0,11.85,59649.0,445137,0.04249028950637669,0.005036651637585732
2018,Santa Clara,ICD-10,65621.0,9447.0,14.4,106567.0,1931985,0.0339655846189282,0.004889789516999356
2018,Santa Cruz,ICD-10,9985.0,1159.0,11.61,64845.0,273713,0.03647981645007727,0.004234362269968909
2018,Shasta,ICD-10,13815.0,1750.0,12.67,43843.0,179666,0.07689267863702648,0.009740295882359489
2018,Sierra,ICD-10,103.0,10.0,9.71,39756.0,2961,0.034785545423843295,0.003377237419790611
2018,Siskiyou,ICD-10,1952.0,201.0,10.3,42268.0,43624,0.044746011369888136,0.004607555474050981
2018,Solano,ICD-10,19873.0,3011.0,15.15,48566.0,445931,0.04456519057881152,0.006752165693795677
2018,Sonoma,ICD-10,22588.0,3036.0,13.44,61066.0,497221,0.04542849155606863,0.006105936796716148
2018,Stanislaus,ICD-10,30021.0,3980.0,13.26,41452.0,547855,0.0547973460130874,0.007264695950570862
2018,Sutter,ICD-10,5966.0,774.0,12.97,42184.0,96348,0.061921368372981275,0.008033379001120937
2018,Tehama,ICD-10,3848.0,581.0,15.1,38783.0,63904,0.06021532298447672,0.00909176264396595
2018,Trinity,ICD-10,845.0,107.0,12.66,30685.0,12598,0.06707413875218289,0.008493411652643277
2018,Tulare,ICD-10,20948.0,2781.0,13.28,38070.0,464279,0.0451194217270219,0.005989932777489397
2018,Tuolumne,ICD-10,3495.0,420.0,12.02,43806.0,54250,0.06442396313364056,0.007741935483870968
2018,Ventura,ICD-10,39246.0,5691.0,14.5,59781.0,847222,0.04632315969132057,0.006717247663540371
2018,Yolo,ICD-10,7761.0,1032.0,13.3,52040.0,220082,0.03526412882471079,0.004689161312601667
2018,Yuba,ICD-10,5056.0,737.0,14.58,39466.0,77418,0.06530780955333385,0.00951974992895709
2019,Alameda,ICD-10,62440.0,9756.0,15.62,79984.0,1668412,0.03742480874028717,0.0058474765225855485
2019,Alpine,ICD-10,10.0,0.0,0.0,79307.0,1113,0.008984725965858042,0.0
2019,Amador,ICD-10,2894.0,392.0,13.55,43895.0,39693,0.07290958103443933,0.009875796739979341
2019,Butte,ICD-10,21958.0,3973.0,18.09,45907.0,218726,0.10039044283715699,0.018164278595137296
2019,Calaveras,ICD-10,3051.0,467.0,15.31,50094.0,46119,0.06615494698497365,0.010125978447060865
2019,Colusa,ICD-10,1196.0,170.0,14.21,44701.0,21474,0.05569525938344044,0.007916550246810096
2019,Contra Costa,ICD-10,50840.0,7765.0,15.27,80347.0,1152883,0.04409814352367066,0.0067352888367683455
2019,Del Norte,ICD-10,1463.0,170.0,11.62,36562.0,27903,0.05243163817510662,0.006092534852883203
2019,El Dorado,ICD-10,10281.0,1439.0,14.0,68999.0,193057,0.053253702274457804,0.007453757180521815
2019,Fresno,ICD-10,48532.0,7442.0,15.33,42639.0,997847,0.048636714847065735,0.007458057197145454
2019,Glenn,ICD-10,2264.0,350.0,15.46,43100.0,28445,0.07959219546493232,0.01230444717876604
2019,Humboldt,ICD-10,7263.0,947.0,13.04,45720.0,135839,0.05346770809561319,0.00697148830600932
2019,Imperial,ICD-10,8295.0,1253.0,15.11,37669.0,180439,0.04597121464871785,0.006944175039764131
2019,Inyo,ICD-10,958.0,99.0,10.33,57726.0,17993,0.0532429278052576,0.005502139721002612
2019,Kern,ICD-10,40793.0,5885.0,14.43,39288.0,898898,0.0453811222185387,0.0065469052106023155
2019,Kings,ICD-10,6360.0,937.0,14.73,36388.0,152727,0.041642931505234834,0.006135130003208339
2019,Lake,ICD-10,5108.0,822.0,16.09,40228.0,64462,0.07924048276503987,0.012751698675188484
2019,Lassen,ICD-10,774.0,76.0,9.82,32690.0,30694,0.025216654720792337,0.002476053951912426
2019,Los Angeles,ICD-10,465091.0,73376.0,15.78,62604.0,10011602,0.04645520267385779,0.0073290967819136235
2019,Madera,ICD-10,6743.0,865.0,12.83,39026.0,156717,0.04302660209166842,0.00551950330851152
2019,Marin,ICD-10,10086.0,1222.0,12.12,136630.0,259084,0.03892945917154282,0.004716617004523629
2019,Mariposa,ICD-10,1115.0,124.0,11.12,53833.0,17117,0.06513991937839575,0.0072442600923058945
2019,Mendocino,ICD-10,5228.0,708.0,13.54,47037.0,86932,0.06013895918649059,0.00814429669166705
2019,Merced,ICD-10,13468.0,2112.0,15.68,38416.0,277114,0.04860093679857387,0.0076214121264172865
2019,Modoc,ICD-10,372.0,50.0,13.44,46528.0,8866,0.04195804195804196,0.005639521768554027
2019,Mono,ICD-10,333.0,33.0,9.91,54879.0,14450,0.02304498269896194,0.0022837370242214535
2019,Monterey,ICD-10,19847.0,2651.0,13.36,55672.0,433380,0.045795837371360004,0.006117033550233052
2019,Napa,ICD-10,6551.0,1049.0,16.01,73267.0,137678,0.04758203925100597,0.00761922747279885
2019,Nevada,ICD-10,5684.0,760.0,13.37,60472.0,99648,0.0570407835581246,0.00762684649967887
2019,Orange,ICD-10,127580.0,17412.0,13.65,69619.0,3170851,0.04023525545665817,0.005491270324591096
2019,Placer,ICD-10,18957.0,2282.0,12.04,67654.0,398918,0.047521044425170085,0.005720473881850405
2019,Plumas,ICD-10,851.0,100.0,11.75,49351.0,19052,0.04466722653789628,0.005248792777661138
2019,Riverside,ICD-10,114978.0,17036.0,14.82,43086.0,2465569,0.04663345458999525,0.006909561241238838
2019,Sacramento,ICD-10,75730.0,11297.0,14.92,52570.0,1551660,0.04880579508397458,0.007280589819934779
2019,San Benito,ICD-10,2276.0,305.0,13.4,54108.0,62803,0.03624030699170422,0.004856455901788131
2019,San Bernardino,ICD-10,104217.0,16022.0,15.37,41088.0,2177279,0.0478657076102787,0.007358726189891144
2019,San Diego,ICD-10,155859.0,21752.0,13.96,62047.0,3330459,0.046798053961931374,0.006531231881251203
2019,San Joaquin,ICD-10,37222.0,5817.0,15.63,45297.0,761571,0.04887528542972356,0.0076381584908038775
2019,San Luis Obispo,ICD-10,12891.0,1622.0,12.58,59012.0,282728,0.04559505956254775,0.005736962734501004
2019,San Mateo,ICD-10,25264.0,3279.0,12.98,129043.0,764810,0.03303304088597168,0.004287339339182281
2019,Santa Barbara,ICD-10,19432.0,2249.0,11.57,62388.0,445464,0.04362193128962161,0.005048668354794102
2019,Santa Clara,ICD-10,64589.0,9259.0,14.34,112598.0,1922411,0.033597914285758874,0.004816347804917887
2019,Santa Cruz,ICD-10,10316.0,1283.0,12.44,69402.0,272870,0.037805548429655146,0.0047018726866273316
2019,Shasta,ICD-10,13651.0,1715.0,12.56,45675.0,179645,0.07598875560132483,0.00954660580589496
2019,Sierra,ICD-10,116.0,12.0,10.34,41750.0,2959,0.039202433254477864,0.004055424129773572
2019,Siskiyou,ICD-10,2009.0,201.0,10.0,43375.0,43663,0.046011497148615535,0.004603439983510066
2019,Solano,ICD-10,20472.0,3144.0,15.36,51608.0,447434,0.04575423414403018,0.007026734669247308
2019,Sonoma,ICD-10,22767.0,3150.0,13.84,65887.0,492318,0.04624450050577066,0.006398303535519725
2019,Stanislaus,ICD-10,30499.0,4321.0,14.17,43435.0,549761,0.05547683447898268,0.007859779067631207
2019,Sutter,ICD-10,5740.0,789.0,13.75,43880.0,96910,0.059230213600247654,0.008141574656898153
2019,Tehama,ICD-10,3895.0,578.0,14.84,40014.0,65186,0.05975209400791581,0.008866934617862731
2019,Trinity,ICD-10,784.0,86.0,10.97,31622.0,12337,0.06354867471832698,0.0069709005430817865
2019,Tulare,ICD-10,22009.0,3112.0,14.14,39842.0,465751,0.04725486365031959,0.006681681842873123
2019,Tuolumne,ICD-10,3581.0,484.0,13.52,45870.0,54290,0.0659605820593111,0.008915085651132805
2019,Ventura,ICD-10,40324.0,6006.0,14.89,62925.0,844203,0.04776576250025172,0.007114402578526729
2019,Yolo,ICD-10,7958.0,1129.0,14.19,55261.0,220019,0.03616960353424022,0.005131375017612115
2019,Yuba,ICD-10,5078.0,789.0,15.54,41278.0,78549,0.06464754484461928,0.010044685482946951
2020,Alameda,ICD-10,54864.0,8381.0,15.28,88190.0,1680466,0.0326480868997052,0.004987307092199426
2020,Alpine,ICD-10,7.0,2.0,28.57,74115.0,1205,0.005809128630705394,0.0016597510373443983
2020,Amador,ICD-10,2484.0,353.0,14.21,47386.0,40525,0.06129549660703269,0.008710672424429364
2020,Butte,ICD-10,19635.0,3585.0,18.26,51323.0,210151,0.09343281735513988,0.01705916222145029
2020,Calaveras,ICD-10,2648.0,358.0,13.52,54125.0,45348,0.05839287289406368,0.00789450471906148
2020,Colusa,ICD-10,998.0,137.0,13.73,56163.0,21864,0.045645810464690816,0.006266008049762166
2020,Contra Costa,ICD-10,44201.0,6583.0,14.89,87839.0,1166069,0.03790599012579873,0.005645463518882674
2020,Del Norte,ICD-10,1174.0,112.0,9.54,41481.0,27604,0.042530068106071586,0.004057382987972757
2020,El Dorado,ICD-10,9180.0,1332.0,14.51,74030.0,191245,0.04800125493476954,0.006964887970927345
2020,Fresno,ICD-10,44932.0,6844.0,15.23,48200.0,1009552,0.04450687037418578,0.006779244655054915
2020,Glenn,ICD-10,1983.0,288.0,14.52,49391.0,28904,0.06860642125657349,0.00996401882092444
2020,Humboldt,ICD-10,5984.0,738.0,12.33,50120.0,136262,0.04391539827684901,0.0054160367527263656
2020,Imperial,ICD-10,7229.0,1015.0,14.04,45909.0,179612,0.04024786762577111,0.00565107008440416
2020,Inyo,ICD-10,855.0,91.0,10.64,59834.0,18987,0.04503081055458998,0.0047927529362195185
2020,Kern,ICD-10,36595.0,4963.0,13.56,44528.0,905910,0.04039584506187149,0.005478469163603448
2020,Kings,ICD-10,5721.0,835.0,14.6,41319.0,152844,0.03743032111172175,0.005463086545759075
2020,Lake,ICD-10,4191.0,618.0,14.75,43949.0,68199,0.061452513966480445,0.00906171644745524
2020,Lassen,ICD-10,614.0,59.0,9.61,37997.0,32314,0.019001052175527635,0.001825834003837346
2020,Los Angeles,ICD-10,391234.0,59374.0,15.18,67904.0,9992813,0.03915153821051189,0.005941670278429107
2020,Madera,ICD-10,5855.0,797.0,13.61,44026.0,156345,0.03744923086763248,0.005097700598036394
2020,Marin,ICD-10,8660.0,1092.0,12.61,145393.0,261305,0.0331413482329079,0.004179024511586077
2020,Mariposa,ICD-10,1007.0,128.0,12.71,57220.0,17119,0.058823529411764705,0.0074770722588936266
2020,Mendocino,ICD-10,4856.0,673.0,13.86,52318.0,91367,0.0531482920529294,0.007365897971915462
2020,Merced,ICD-10,11523.0,1752.0,15.2,44087.0,281830,0.04088634992726112,0.00621651350104673
2020,Modoc,ICD-10,338.0,45.0,13.31,53386.0,8681,0.038935606496947356,0.005183734592788849
2020,Mono,ICD-10,274.0,30.0,10.95,60481.0,13228,0.020713637738131237,0.0022679165406713033
2020,Monterey,ICD-10,17352.0,2283.0,13.16,60598.0,438322,0.0395873353379479,0.005208499687444391
2020,Napa,ICD-10,5168.0,747.0,14.45,82962.0,137459,0.037596665187437706,0.005434347696404019
2020,Nevada,ICD-10,5158.0,682.0,13.22,65064.0,102265,0.05043758861780668,0.0066689483205397745
2020,Orange,ICD-10,109124.0,14464.0,13.25,75074.0,3185734,0.0342539584284187,0.0045402409617375464
2020,Placer,ICD-10,17443.0,2120.0,12.15,73235.0,405927,0.04297078046052615,0.005222613918266093
2020,Plumas,ICD-10,681.0,80.0,11.75,54523.0,19746,0.034487997569127925,0.004051453458928391
2020,Riverside,ICD-10,101235.0,14085.0,13.91,47615.0,2422993,0.04178097089013464,0.005813058477676164
2020,Sacramento,ICD-10,69182.0,10274.0,14.85,57621.0,1586566,0.04360486736763551,0.006475620932252424
2020,San Benito,ICD-10,2082.0,291.0,13.98,60573.0,64530,0.03226406322640632,0.004509530450953045
2020,San Bernardino,ICD-10,91071.0,12977.0,14.25,45347.0,2183391,0.04171080672220413,0.0059435071409564295
2020,San Diego,ICD-10,137277.0,19112.0,13.92,67569.0,3295298,0.04165844788544162,0.005799778957775594
2020,San Joaquin,ICD-10,32822.0,4992.0,15.21,51569.0,780617,0.04204622753539828,0.006394941437350199
2020,San Luis Obispo,ICD-10,11003.0,1398.0,12.71,63129.0,281884,0.03903378694782251,0.004959486881128407
2020,San Mateo,ICD-10,21940.0,2851.0,12.99,141348.0,762479,0.028774562971570366,0.003739119372467963
2020,Santa Barbara,ICD-10,17361.0,2026.0,11.67,68907.0,448424,0.03871559060175191,0.004518045421297701
2020,Santa Clara,ICD-10,56393.0,8118.0,14.4,121845.0,1931168,0.02920149878208421,0.004203673631708893
2020,Santa Cruz,ICD-10,9178.0,1151.0,12.54,77231.0,270474,0.03393302128855269,0.004255492209972123
2020,Shasta,ICD-10,12277.0,1591.0,12.96,51240.0,182002,0.06745530268898144,0.008741662179536489
2020,Sierra,ICD-10,95.0,11.0,11.58,45402.0,3225,0.02945736434108527,0.0034108527131782944
2020,Siskiyou,ICD-10,1791.0,186.0,10.39,49348.0,43995,0.040709171496760996,0.0042277531537674735
2020,Solano,ICD-10,17619.0,2598.0,14.75,58642.0,452723,0.03891783717637496,0.005738608376424436
2020,Sonoma,ICD-10,19924.0,2664.0,13.37,72601.0,488282,0.040804289324611595,0.00545586361979348
2020,Stanislaus,ICD-10,27464.0,3868.0,14.08,48654.0,553257,0.0496405829478886,0.006991325911827596
2020,Sutter,ICD-10,5415.0,776.0,14.33,49370.0,99479,0.054433599051056,0.007800641341388635
2020,Tehama,ICD-10,3505.0,445.0,12.7,44409.0,65687,0.05335911215308965,0.006774552042261026
2020,Trinity,ICD-10,693.0,85.0,12.27,33262.0,16091,0.04306755329065937,0.005282456031321857
2020,Tulare,ICD-10,18786.0,2653.0,14.12,45486.0,473914,0.03964010347869023,0.005598062095654486
2020,Tuolumne,ICD-10,3304.0,474.0,14.35,49614.0,55379,0.059661604579353184,0.008559201141226819
2020,Ventura,ICD-10,34820.0,4945.0,14.2,67666.0,843371,0.04128669351922226,0.00586337448169311
2020,Yolo,ICD-10,6945.0,976.0,14.05,60205.0,216291,0.03210951912007434,0.004512439260070923
2020,Yuba,ICD-10,4513.0,712.0,15.78,45544.0,81958,0.055064789282315334,0.008687376461114229
2021,Alameda,ICD-10,57303.0,9116.0,15.91,98370.0,1644047,0.03485484295765267,0.005544853644695072
2021,Alpine,ICD-10,18.0,1.0,5.56,72843.0,1229,0.014646053702196907,0.0008136696501220504
2021,Amador,ICD-10,2526.0,337.0,13.34,49945.0,41228,0.0612690404579412,0.008174056466479092
2021,Butte,ICD-10,19671.0,3643.0,18.52,55937.0,206336,0.09533479373449132,0.01765566842431762
2021,Calaveras,ICD-10,2531.0,339.0,13.39,56645.0,46249,0.05472550757854224,0.007329888213799218
2021,Colusa,ICD-10,1097.0,156.0,14.22,59056.0,21919,0.05004790364523929,0.007117113006980246
2021,Contra Costa,ICD-10,47076.0,7126.0,15.14,94437.0,1163941,0.04044534903401461,0.006122303450088965
2021,Del Norte,ICD-10,1197.0,154.0,12.87,44626.0,27584,0.04339472157772622,0.005582946635730859
2021,El Dorado,ICD-10,9451.0,1341.0,14.19,79332.0,193704,0.04879093875191013,0.00692293396109528
2021,Fresno,ICD-10,47105.0,7060.0,14.99,51977.0,1013103,0.04649576597838522,0.006968689264566386
2021,Glenn,ICD-10,2020.0,278.0,13.76,52296.0,28718,0.07033916010864266,0.00968033985653597
2021,Humboldt,ICD-10,5977.0,750.0,12.55,53997.0,134897,0.044307879344981725,0.00555979747511064
2021,Imperial,ICD-10,6840.0,895.0,13.08,48487.0,179138,0.03818285344259733,0.00499614822092465
2021,Inyo,ICD-10,649.0,63.0,9.71,61080.0,18924,0.034295075036990065,0.0033291058972733036
2021,Kern,ICD-10,38249.0,5070.0,13.26,46934.0,912709,0.04190711387747902,0.0055548920849909445
2021,Kings,ICD-10,5759.0,779.0,13.53,43867.0,152775,0.03769595810832924,0.005099001800032728
2021,Lake,ICD-10,4313.0,646.0,14.98,46918.0,68645,0.06283050477092286,0.009410736397406949
2021,Lassen,ICD-10,658.0,49.0,7.45,40835.0,31885,0.020636663007683863,0.0015367727771679472
2021,Los Angeles,ICD-10,403988.0,60634.0,15.01,73343.0,9809462,0.04118350221449454,0.006181174869732917
2021,Madera,ICD-10,6051.0,798.0,13.19,47871.0,158966,0.038064743404249965,0.0050199413711108035
2021,Marin,ICD-10,9224.0,1118.0,12.12,164340.0,259278,0.03557571409838089,0.0043119740201636855
2021,Mariposa,ICD-10,952.0,114.0,11.97,60465.0,17127,0.055584749226367726,0.006656156945174286
2021,Mendocino,ICD-10,4894.0,638.0,13.04,56305.0,91321,0.0535911783708019,0.006986344871387742
2021,Merced,ICD-10,12140.0,1756.0,14.46,47854.0,284610,0.04265486103791153,0.006169846456554584
2021,Modoc,ICD-10,291.0,21.0,7.22,55635.0,8641,0.03367665779423678,0.0024302742738109015
2021,Mono,ICD-10,261.0,21.0,8.05,63295.0,13271,0.019666942958330193,0.0015823977092909352
2021,Monterey,ICD-10,17889.0,2326.0,13.0,64975.0,437158,0.04092113149021635,0.005320730719785524
2021,Napa,ICD-10,5482.0,754.0,13.75,87015.0,136265,0.04023043334678751,0.005533335779547206
2021,Nevada,ICD-10,5172.0,672.0,12.99,70364.0,103517,0.049962808041191305,0.00649168735570003
2021,Orange,ICD-10,109967.0,14435.0,13.13,81505.0,3160611,0.03479295617208192,0.004567154895050355
2021,Placer,ICD-10,19165.0,2536.0,13.23,79424.0,413047,0.046399078071018555,0.006139737124346624
2021,Plumas,ICD-10,704.0,93.0,13.21,58564.0,19958,0.035274075558673214,0.004659785549654274
2021,Riverside,ICD-10,103826.0,14123.0,13.6,51558.0,2453399,0.042319247704918767,0.005756503528370233
2021,Sacramento,ICD-10,73454.0,11320.0,15.41,61752.0,1588810,0.04623208564900775,0.007124829274740214
2021,San Benito,ICD-10,2406.0,360.0,14.96,62228.0,66709,0.03606709739315535,0.005396573176033219
2021,San Bernardino,ICD-10,91284.0,12642.0,13.85,49741.0,2193087,0.04162351972356774,0.00576447719584312
2021,San Diego,ICD-10,146135.0,20537.0,14.05,73084.0,3274432,0.04462911430135059,0.006271927467114908
2021,San Joaquin,ICD-10,33393.0,4971.0,14.89,55952.0,788354,0.04235787476184557,0.006305542941368979
2021,San Luis Obispo,ICD-10,11090.0,1334.0,12.03,68378.0,279464,0.03968310766324106,0.004773423410528726
2021,San Mateo,ICD-10,22904.0,2982.0,13.02,173524.0,739149,0.0309869863856949,0.004034369254372258
2021,Santa Barbara,ICD-10,17936.0,2250.0,12.54,76392.0,437521,0.04099460368759442,0.0051426102975628595
2021,Santa Clara,ICD-10,58931.0,8721.0,14.8,143938.0,1885173,0.031260260994614285,0.004626100628430388
2021,Santa Cruz,ICD-10,9931.0,1262.0,12.71,88329.0,260475,0.03812649966407525,0.004844994721182455
2021,Shasta,ICD-10,12325.0,1512.0,12.27,54385.0,182135,0.06766958574683614,0.008301534576001317
2021,Sierra,ICD-10,98.0,12.0,12.24,47419.0,3294,0.029751062537947785,0.0036429872495446266
2021,Siskiyou,ICD-10,1771.0,178.0,10.05,52624.0,44139,0.04012324701511135,0.004032714832687646
2021,Solano,ICD-10,18007.0,2555.0,14.19,59755.0,450653,0.03995757267786967,0.0056695506298637755
2021,Sonoma,ICD-10,20610.0,2844.0,13.8,78100.0,484519,0.04253703157151732,0.00586973885441025
2021,Stanislaus,ICD-10,29264.0,4218.0,14.41,52389.0,552723,0.05294514612201772,0.007631308992026748
2021,Sutter,ICD-10,5702.0,924.0,16.2,53513.0,99152,0.05750766499919316,0.009319025334839439
2021,Tehama,ICD-10,3517.0,489.0,13.9,48029.0,65446,0.053738960364269776,0.007471808819484766
2021,Trinity,ICD-10,684.0,82.0,11.99,35829.0,16082,0.042532023380176594,0.005098868299962691
2021,Tulare,ICD-10,19448.0,2560.0,13.16,49064.0,477176,0.04075645045014837,0.005364896809562929
2021,Tuolumne,ICD-10,3231.0,442.0,13.68,52854.0,55131,0.05860586602818741,0.008017267961763799
2021,Ventura,ICD-10,35387.0,4875.0,13.78,74252.0,839471,0.042153927890302346,0.005807228599915899
2021,Yolo,ICD-10,7134.0,1039.0,14.56,66181.0,213141,0.03347080101904373,0.004874707353348253
2021,Yuba,ICD-10,4772.0,720.0,15.09,49250.0,83227,0.05733716221899143,0.008651038725413628
2022,Alameda,ICD-10,56732.0,9088.0,16.02,100836.0,1628259,0.0348421227826777,0.005581421628868626
2022,Alpine,ICD-10,10.0,4.0,40.0,67603.0,1190,0.008403361344537815,0.0033613445378151263
2022,Amador,ICD-10,2472.0,323.0,13.07,47792.0,41493,0.05957631407707324,0.0077844455691321425
2022,Butte,ICD-10,17966.0,3214.0,17.89,53962.0,207369,0.08663782918372563,0.01549894150041713
2022,Calaveras,ICD-10,2524.0,386.0,15.29,55582.0,46556,0.054214279577283274,0.00829109029985394
2022,Colusa,ICD-10,903.0,104.0,11.52,55572.0,21909,0.04121593865534712,0.004746907663517276
2022,Contra Costa,ICD-10,46208.0,6982.0,15.11,97061.0,1157019,0.03993711425655067,0.006034473072611599
2022,Del Norte,ICD-10,1341.0,151.0,11.26,43820.0,27112,0.049461493065801124,0.005569489524933609
2022,El Dorado,ICD-10,8987.0,1237.0,13.76,79567.0,192787,0.04661621374885236,0.006416407745335526
2022,Fresno,ICD-10,47111.0,7159.0,15.2,50440.0,1015359,0.046398367473967334,0.007050708173168308
2022,Glenn,ICD-10,1757.0,252.0,14.34,51112.0,28360,0.06195345557122708,0.008885754583921015
2022,Humboldt,ICD-10,6159.0,737.0,11.97,53540.0,134944,0.04564115484941902,0.005461524780649751
2022,Imperial,ICD-10,6673.0,908.0,13.61,45622.0,178940,0.03729182966357438,0.005074326589918408
2022,Inyo,ICD-10,545.0,53.0,9.72,59323.0,18742,0.029079073738128267,0.0028278732259097213
2022,Kern,ICD-10,34947.0,4643.0,13.29,44595.0,916751,0.03812049291465185,0.005064624963594258
2022,Kings,ICD-10,5429.0,759.0,13.98,42565.0,152987,0.03548667533842745,0.004961205854092178
2022,Lake,ICD-10,3966.0,601.0,15.15,45403.0,68172,0.058176377398345365,0.00881593616147392
2022,Lassen,ICD-10,579.0,50.0,8.64,41087.0,30020,0.0192871419053964,0.0016655562958027982
2022,Los Angeles,ICD-10,393647.0,59193.0,15.04,74378.0,9719765,0.040499641709444624,0.006089962051551658
2022,Madera,ICD-10,6058.0,856.0,14.13,45181.0,160329,0.03778480499472959,0.005339021636759414
2022,Marin,ICD-10,9375.0,1201.0,12.81,168814.0,256154,0.0365990771176714,0.0046885857726211575
2022,Mariposa,ICD-10,944.0,137.0,14.51,60943.0,17053,0.05535682871049082,0.00803377704802674
2022,Mendocino,ICD-10,4607.0,598.0,12.98,55104.0,90007,0.051184907840501295,0.006643927694512649
2022,Merced,ICD-10,11712.0,1709.0,14.59,45918.0,290210,0.04035698287447021,0.005888839116501844
2022,Modoc,ICD-10,307.0,38.0,12.38,57888.0,8619,0.035618981320338784,0.004408864137370925
2022,Mono,ICD-10,229.0,23.0,10.04,65921.0,13002,0.017612674973081065,0.0017689586217505
2022,Monterey,ICD-10,18704.0,2429.0,12.99,65331.0,432884,0.043207880171131294,0.005611203001265928
2022,Napa,ICD-10,5108.0,688.0,13.47,89219.0,134370,0.0380144377465208,0.005120190518716976
2022,Nevada,ICD-10,4818.0,673.0,13.97,71115.0,102401,0.047050321774201424,0.0065722014433452795
2022,Orange,ICD-10,108666.0,14826.0,13.64,84109.0,3150372,0.03449306938990062,0.004706110897379738
2022,Placer,ICD-10,18518.0,2309.0,12.47,80052.0,418074,0.04429359395705067,0.00552294569860838
2022,Plumas,ICD-10,634.0,94.0,14.83,59805.0,19443,0.03260813660443347,0.004834644859332407
2022,Riverside,ICD-10,103546.0,14693.0,14.19,50995.0,2474241,0.041849601554577745,0.005938386761839287
2022,Sacramento,ICD-10,70577.0,10399.0,14.73,61965.0,1584380,0.04454550044812482,0.006563450687335109
2022,San Benito,ICD-10,2514.0,368.0,14.64,62275.0,67643,0.037165708203361764,0.005440326419585175
2022,San Bernardino,ICD-10,91005.0,13303.0,14.62,48683.0,2194908,0.041461874484033046,0.006060846286040235
2022,San Diego,ICD-10,144735.0,20302.0,14.03,74476.0,3277176,0.04416454898973995,0.006194967862574363
2022,San Joaquin,ICD-10,32288.0,4998.0,15.48,56363.0,794293,0.04064998684364586,0.006292388325215003
2022,San Luis Obispo,ICD-10,11343.0,1419.0,12.51,68364.0,282046,0.040216844060897865,0.00503109421867355
2022,San Mateo,ICD-10,22807.0,3049.0,13.37,162863.0,728929,0.03128836964917022,0.004182849084067172
2022,Santa Barbara,ICD-10,17333.0,2136.0,12.32,77419.0,443915,0.039045763265490016,0.004811731975716072
2022,Santa Clara,ICD-10,58551.0,8629.0,14.74,142708.0,1878335,0.031171755836951344,0.0045939622058897905
2022,Santa Cruz,ICD-10,9591.0,1216.0,12.68,83277.0,264240,0.03629654859218892,0.004601877081441114
2022,Shasta,ICD-10,12200.0,1529.0,12.53,54099.0,180937,0.06742678390821115,0.00845045513079138
2022,Sierra,ICD-10,73.0,10.0,13.7,50451.0,3222,0.02265673494723774,0.0031036623215394167
2022,Siskiyou,ICD-10,1667.0,195.0,11.7,51657.0,43786,0.03807152971269356,0.004453478280729
2022,Solano,ICD-10,17339.0,2481.0,14.31,61019.0,448885,0.038626819786805086,0.005527028080688818
2022,Sonoma,ICD-10,21315.0,3062.0,14.37,78660.0,482669,0.04416069811817208,0.006343891983947592
2022,Stanislaus,ICD-10,27600.0,3821.0,13.84,51092.0,551226,0.05007020713826996,0.006931821067946722
2022,Sutter,ICD-10,4755.0,691.0,14.53,51756.0,98569,0.04824031896438028,0.007010317645507208
2022,Tehama,ICD-10,3291.0,441.0,13.4,46286.0,65299,0.050398934133753966,0.006753549058944241
2022,Trinity,ICD-10,675.0,91.0,13.48,35925.0,15778,0.04278108759031563,0.005767524401064774
2022,Tulare,ICD-10,18119.0,2204.0,12.16,46995.0,477884,0.03791505888458287,0.00461199789070151
2022,Tuolumne,ICD-10,3236.0,472.0,14.59,52565.0,54587,0.059281513913569166,0.008646747394068184
2022,Ventura,ICD-10,34253.0,4771.0,13.93,73994.0,832871,0.041126416936116156,0.005728378104172194
2022,Yolo,ICD-10,7045.0,1005.0,14.27,63544.0,222018,0.03173166139682368,0.0045266600005404965
2022,Yuba,ICD-10,4237.0,631.0,14.89,48398.0,84353,0.05022939314547201,0.0074804689815418535
